mode: atomic
github.com/zxCroshka/ecommerce/services/cart-service/internal/config/config.go:48.39,50.2 1 0
github.com/zxCroshka/ecommerce/services/cart-service/internal/config/config.go:57.53,72.41 13 1
github.com/zxCroshka/ecommerce/services/cart-service/internal/config/config.go:72.41,74.3 1 0
github.com/zxCroshka/ecommerce/services/cart-service/internal/config/config.go:76.2,77.42 2 1
github.com/zxCroshka/ecommerce/services/cart-service/internal/config/config.go:77.42,79.3 1 0
github.com/zxCroshka/ecommerce/services/cart-service/internal/config/config.go:80.2,80.39 1 1
github.com/zxCroshka/ecommerce/services/cart-service/internal/config/config.go:80.39,82.3 1 0
github.com/zxCroshka/ecommerce/services/cart-service/internal/config/config.go:83.2,83.18 1 1
github.com/zxCroshka/ecommerce/services/cart-service/internal/config/config.go:86.34,87.26 1 1
github.com/zxCroshka/ecommerce/services/cart-service/internal/config/config.go:87.26,89.3 1 0
github.com/zxCroshka/ecommerce/services/cart-service/internal/config/config.go:90.2,90.45 1 1
github.com/zxCroshka/ecommerce/services/cart-service/internal/config/config.go:90.45,92.3 1 0
github.com/zxCroshka/ecommerce/services/cart-service/internal/config/config.go:93.2,93.36 1 1
github.com/zxCroshka/ecommerce/services/cart-service/internal/config/config.go:93.36,95.3 1 0
github.com/zxCroshka/ecommerce/services/cart-service/internal/config/config.go:96.2,96.37 1 1
github.com/zxCroshka/ecommerce/services/cart-service/internal/config/config.go:96.37,98.3 1 0
github.com/zxCroshka/ecommerce/services/cart-service/internal/config/config.go:99.2,99.35 1 1
github.com/zxCroshka/ecommerce/services/cart-service/internal/config/config.go:99.35,101.3 1 0
github.com/zxCroshka/ecommerce/services/cart-service/internal/config/config.go:102.2,102.21 1 1
github.com/zxCroshka/ecommerce/services/cart-service/internal/config/config.go:102.21,104.3 1 0
github.com/zxCroshka/ecommerce/services/cart-service/internal/config/config.go:105.2,105.36 1 1
github.com/zxCroshka/ecommerce/services/cart-service/internal/config/config.go:105.36,107.3 1 0
github.com/zxCroshka/ecommerce/services/cart-service/internal/config/config.go:108.2,108.24 1 1
github.com/zxCroshka/ecommerce/services/cart-service/internal/config/config.go:108.24,110.3 1 0
github.com/zxCroshka/ecommerce/services/cart-service/internal/config/config.go:111.2,111.47 1 1
github.com/zxCroshka/ecommerce/services/cart-service/internal/config/config.go:111.47,113.3 1 0
github.com/zxCroshka/ecommerce/services/cart-service/internal/config/config.go:114.2,114.20 1 1
github.com/zxCroshka/ecommerce/services/cart-service/internal/config/config.go:114.20,116.3 1 0
github.com/zxCroshka/ecommerce/services/cart-service/internal/config/config.go:117.2,117.62 1 1
github.com/zxCroshka/ecommerce/services/cart-service/internal/config/config.go:117.62,119.3 1 0
github.com/zxCroshka/ecommerce/services/cart-service/internal/config/config.go:120.2,121.69 2 1
github.com/zxCroshka/ecommerce/services/cart-service/internal/config/config.go:121.69,123.3 1 0
github.com/zxCroshka/ecommerce/services/cart-service/internal/config/config.go:124.2,124.12 1 1
github.com/zxCroshka/ecommerce/services/cart-service/internal/service/service.go:41.16,49.2 1 5
github.com/zxCroshka/ecommerce/services/cart-service/internal/service/service.go:54.25,58.70 3 2
github.com/zxCroshka/ecommerce/services/cart-service/internal/service/service.go:58.70,61.3 2 0
github.com/zxCroshka/ecommerce/services/cart-service/internal/service/service.go:63.2,63.19 1 2
github.com/zxCroshka/ecommerce/services/cart-service/internal/service/service.go:63.19,65.17 2 1
github.com/zxCroshka/ecommerce/services/cart-service/internal/service/service.go:65.17,68.4 2 0
github.com/zxCroshka/ecommerce/services/cart-service/internal/service/service.go:69.3,70.33 2 1
github.com/zxCroshka/ecommerce/services/cart-service/internal/service/service.go:73.2,74.16 2 1
github.com/zxCroshka/ecommerce/services/cart-service/internal/service/service.go:74.16,76.3 1 0
github.com/zxCroshka/ecommerce/services/cart-service/internal/service/service.go:77.2,82.16 3 1
github.com/zxCroshka/ecommerce/services/cart-service/internal/service/service.go:82.16,85.3 2 0
github.com/zxCroshka/ecommerce/services/cart-service/internal/service/service.go:87.2,88.42 2 1
github.com/zxCroshka/ecommerce/services/cart-service/internal/service/service.go:91.97,95.17 3 0
github.com/zxCroshka/ecommerce/services/cart-service/internal/service/service.go:95.17,98.3 2 0
github.com/zxCroshka/ecommerce/services/cart-service/internal/service/service.go:99.2,99.20 1 0
github.com/zxCroshka/ecommerce/services/cart-service/internal/service/service.go:99.20,102.3 2 0
github.com/zxCroshka/ecommerce/services/cart-service/internal/service/service.go:103.2,103.94 1 0
github.com/zxCroshka/ecommerce/services/cart-service/internal/service/service.go:103.94,106.3 2 0
github.com/zxCroshka/ecommerce/services/cart-service/internal/service/service.go:108.2,109.12 2 0
github.com/zxCroshka/ecommerce/services/cart-service/internal/service/service.go:112.96,116.17 3 0
github.com/zxCroshka/ecommerce/services/cart-service/internal/service/service.go:116.17,119.3 2 0
github.com/zxCroshka/ecommerce/services/cart-service/internal/service/service.go:120.2,121.16 2 0
github.com/zxCroshka/ecommerce/services/cart-service/internal/service/service.go:121.16,124.3 2 0
github.com/zxCroshka/ecommerce/services/cart-service/internal/service/service.go:125.2,125.17 1 0
github.com/zxCroshka/ecommerce/services/cart-service/internal/service/service.go:125.17,127.3 1 0
github.com/zxCroshka/ecommerce/services/cart-service/internal/service/service.go:129.2,130.18 2 0
github.com/zxCroshka/ecommerce/services/cart-service/internal/service/service.go:136.9,140.55 3 2
github.com/zxCroshka/ecommerce/services/cart-service/internal/service/service.go:140.55,143.3 2 0
github.com/zxCroshka/ecommerce/services/cart-service/internal/service/service.go:145.2,145.18 1 2
github.com/zxCroshka/ecommerce/services/cart-service/internal/service/service.go:145.18,146.84 1 1
github.com/zxCroshka/ecommerce/services/cart-service/internal/service/service.go:146.84,148.4 1 0
github.com/zxCroshka/ecommerce/services/cart-service/internal/service/service.go:149.3,149.38 1 1
github.com/zxCroshka/ecommerce/services/cart-service/internal/service/service.go:149.38,151.4 1 1
github.com/zxCroshka/ecommerce/services/cart-service/internal/service/service.go:154.2,154.105 1 1
github.com/zxCroshka/ecommerce/services/cart-service/internal/service/service.go:154.105,157.3 2 0
github.com/zxCroshka/ecommerce/services/cart-service/internal/service/service.go:159.2,159.19 1 1
github.com/zxCroshka/ecommerce/services/cart-service/internal/service/service.go:159.19,161.3 1 1
github.com/zxCroshka/ecommerce/services/cart-service/internal/service/service.go:161.8,163.3 1 0
github.com/zxCroshka/ecommerce/services/cart-service/internal/service/service.go:164.2,164.12 1 1
github.com/zxCroshka/ecommerce/services/cart-service/internal/service/service.go:167.99,171.17 3 1
github.com/zxCroshka/ecommerce/services/cart-service/internal/service/service.go:171.17,174.3 2 0
github.com/zxCroshka/ecommerce/services/cart-service/internal/service/service.go:175.2,176.16 2 1
github.com/zxCroshka/ecommerce/services/cart-service/internal/service/service.go:176.16,177.48 1 1
github.com/zxCroshka/ecommerce/services/cart-service/internal/service/service.go:177.48,180.4 2 1
github.com/zxCroshka/ecommerce/services/cart-service/internal/service/service.go:181.3,182.44 2 0
github.com/zxCroshka/ecommerce/services/cart-service/internal/service/service.go:185.2,186.18 2 0
github.com/zxCroshka/ecommerce/services/cart-service/internal/service/service.go:193.38,195.16 2 2
github.com/zxCroshka/ecommerce/services/cart-service/internal/service/service.go:195.16,196.54 1 0
github.com/zxCroshka/ecommerce/services/cart-service/internal/service/service.go:196.54,199.4 2 0
github.com/zxCroshka/ecommerce/services/cart-service/internal/service/service.go:200.3,201.64 2 0
github.com/zxCroshka/ecommerce/services/cart-service/internal/service/service.go:201.64,203.4 1 0
github.com/zxCroshka/ecommerce/services/cart-service/internal/service/service.go:204.3,204.83 1 0
github.com/zxCroshka/ecommerce/services/cart-service/internal/service/service.go:206.2,206.20 1 2
github.com/zxCroshka/ecommerce/services/cart-service/internal/service/service.go:206.20,209.3 2 0
github.com/zxCroshka/ecommerce/services/cart-service/internal/service/service.go:210.2,210.28 1 2
github.com/zxCroshka/ecommerce/services/cart-service/internal/service/service.go:210.28,213.3 2 0
github.com/zxCroshka/ecommerce/services/cart-service/internal/service/service.go:214.2,214.29 1 2
github.com/zxCroshka/ecommerce/services/cart-service/internal/service/service.go:214.29,217.3 2 0
github.com/zxCroshka/ecommerce/services/cart-service/internal/service/service.go:218.2,218.35 1 2
github.com/zxCroshka/ecommerce/services/cart-service/internal/service/service.go:218.35,221.3 2 0
github.com/zxCroshka/ecommerce/services/cart-service/internal/service/service.go:222.2,222.21 1 2
github.com/zxCroshka/ecommerce/services/cart-service/internal/service/service.go:225.64,226.9 1 2
github.com/zxCroshka/ecommerce/services/cart-service/internal/service/service.go:227.19,228.39 1 0
github.com/zxCroshka/ecommerce/services/cart-service/internal/service/service.go:229.22,230.42 1 0
github.com/zxCroshka/ecommerce/services/cart-service/internal/service/service.go:231.20,232.41 1 0
github.com/zxCroshka/ecommerce/services/cart-service/internal/service/service.go:233.10,234.13 1 2
github.com/zxCroshka/ecommerce/services/cart-service/internal/service/service.go:238.49,239.9 1 2
github.com/zxCroshka/ecommerce/services/cart-service/internal/service/service.go:240.19,241.39 1 0
github.com/zxCroshka/ecommerce/services/cart-service/internal/service/service.go:242.22,243.42 1 0
github.com/zxCroshka/ecommerce/services/cart-service/internal/service/service.go:244.10,245.13 1 2
github.com/zxCroshka/ecommerce/services/cart-service/internal/repository/storage.go:84.45,96.47 5 0
github.com/zxCroshka/ecommerce/services/cart-service/internal/repository/storage.go:96.47,99.3 2 0
github.com/zxCroshka/ecommerce/services/cart-service/internal/repository/storage.go:101.2,101.37 1 0
github.com/zxCroshka/ecommerce/services/cart-service/internal/repository/storage.go:104.158,108.16 4 7
github.com/zxCroshka/ecommerce/services/cart-service/internal/repository/storage.go:108.16,110.3 1 0
github.com/zxCroshka/ecommerce/services/cart-service/internal/repository/storage.go:112.2,113.29 2 7
github.com/zxCroshka/ecommerce/services/cart-service/internal/repository/storage.go:113.29,115.3 1 0
github.com/zxCroshka/ecommerce/services/cart-service/internal/repository/storage.go:117.2,119.18 3 7
github.com/zxCroshka/ecommerce/services/cart-service/internal/repository/storage.go:119.18,121.3 1 0
github.com/zxCroshka/ecommerce/services/cart-service/internal/repository/storage.go:122.2,122.23 1 7
github.com/zxCroshka/ecommerce/services/cart-service/internal/repository/storage.go:122.23,124.3 1 1
github.com/zxCroshka/ecommerce/services/cart-service/internal/repository/storage.go:125.2,125.38 1 6
github.com/zxCroshka/ecommerce/services/cart-service/internal/repository/storage.go:128.122,131.16 3 1
github.com/zxCroshka/ecommerce/services/cart-service/internal/repository/storage.go:131.16,133.3 1 0
github.com/zxCroshka/ecommerce/services/cart-service/internal/repository/storage.go:134.2,134.25 1 1
github.com/zxCroshka/ecommerce/services/cart-service/internal/repository/storage.go:137.91,141.16 4 0
github.com/zxCroshka/ecommerce/services/cart-service/internal/repository/storage.go:141.16,143.3 1 0
github.com/zxCroshka/ecommerce/services/cart-service/internal/repository/storage.go:144.2,145.16 2 0
github.com/zxCroshka/ecommerce/services/cart-service/internal/repository/storage.go:145.16,147.3 1 0
github.com/zxCroshka/ecommerce/services/cart-service/internal/repository/storage.go:148.2,148.18 1 0
github.com/zxCroshka/ecommerce/services/cart-service/internal/repository/storage.go:151.69,154.57 3 0
github.com/zxCroshka/ecommerce/services/cart-service/internal/repository/storage.go:154.57,156.3 1 0
github.com/zxCroshka/ecommerce/services/cart-service/internal/repository/storage.go:157.2,157.12 1 0
github.com/zxCroshka/ecommerce/services/cart-service/internal/repository/storage.go:160.94,165.16 4 2
github.com/zxCroshka/ecommerce/services/cart-service/internal/repository/storage.go:165.16,167.3 1 0
github.com/zxCroshka/ecommerce/services/cart-service/internal/repository/storage.go:168.2,169.9 2 2
github.com/zxCroshka/ecommerce/services/cart-service/internal/repository/storage.go:169.9,171.3 1 0
github.com/zxCroshka/ecommerce/services/cart-service/internal/repository/storage.go:172.2,172.22 1 2
github.com/zxCroshka/ecommerce/services/cart-service/internal/repository/storage.go:172.22,174.3 1 1
github.com/zxCroshka/ecommerce/services/cart-service/internal/repository/storage.go:175.2,175.24 1 1
github.com/zxCroshka/ecommerce/services/cart-service/internal/repository/storage.go:175.24,177.3 1 0
github.com/zxCroshka/ecommerce/services/cart-service/internal/repository/storage.go:179.2,180.38 2 1
github.com/zxCroshka/ecommerce/services/cart-service/internal/repository/storage.go:180.38,182.3 1 2
github.com/zxCroshka/ecommerce/services/cart-service/internal/repository/storage.go:183.2,184.16 2 1
github.com/zxCroshka/ecommerce/services/cart-service/internal/repository/storage.go:184.16,186.3 1 0
github.com/zxCroshka/ecommerce/services/cart-service/internal/repository/storage.go:187.2,187.18 1 1
github.com/zxCroshka/ecommerce/services/cart-service/internal/repository/storage.go:190.130,192.96 2 2
github.com/zxCroshka/ecommerce/services/cart-service/internal/repository/storage.go:192.96,194.3 1 0
github.com/zxCroshka/ecommerce/services/cart-service/internal/repository/storage.go:195.2,195.12 1 2
github.com/zxCroshka/ecommerce/services/cart-service/internal/repository/storage.go:202.18,207.16 3 3
github.com/zxCroshka/ecommerce/services/cart-service/internal/repository/storage.go:207.16,209.3 1 0
github.com/zxCroshka/ecommerce/services/cart-service/internal/repository/storage.go:211.2,212.29 2 3
github.com/zxCroshka/ecommerce/services/cart-service/internal/repository/storage.go:212.29,214.3 1 0
github.com/zxCroshka/ecommerce/services/cart-service/internal/repository/storage.go:215.2,216.9 2 3
github.com/zxCroshka/ecommerce/services/cart-service/internal/repository/storage.go:216.9,218.3 1 0
github.com/zxCroshka/ecommerce/services/cart-service/internal/repository/storage.go:219.2,219.25 1 3
github.com/zxCroshka/ecommerce/services/cart-service/internal/repository/storage.go:222.32,224.41 2 0
github.com/zxCroshka/ecommerce/services/cart-service/internal/repository/storage.go:224.41,226.3 1 0
github.com/zxCroshka/ecommerce/services/cart-service/internal/repository/storage.go:227.2,227.12 1 0
github.com/zxCroshka/ecommerce/services/gateway/cmd/main.go:19.13,20.30 1 0
github.com/zxCroshka/ecommerce/services/gateway/cmd/main.go:20.30,23.3 2 0
github.com/zxCroshka/ecommerce/services/gateway/cmd/main.go:26.18,28.16 2 0
github.com/zxCroshka/ecommerce/services/gateway/cmd/main.go:28.16,30.3 1 0
github.com/zxCroshka/ecommerce/services/gateway/cmd/main.go:32.2,33.16 2 0
github.com/zxCroshka/ecommerce/services/gateway/cmd/main.go:33.16,35.3 1 0
github.com/zxCroshka/ecommerce/services/gateway/cmd/main.go:36.2,44.16 4 0
github.com/zxCroshka/ecommerce/services/gateway/cmd/main.go:44.16,46.3 1 0
github.com/zxCroshka/ecommerce/services/gateway/cmd/main.go:48.2,56.12 4 0
github.com/zxCroshka/ecommerce/services/gateway/cmd/main.go:56.12,58.3 1 0
github.com/zxCroshka/ecommerce/services/gateway/cmd/main.go:60.2,60.9 1 0
github.com/zxCroshka/ecommerce/services/gateway/cmd/main.go:61.34,67.70 3 0
github.com/zxCroshka/ecommerce/services/gateway/cmd/main.go:69.30,79.44 6 0
github.com/zxCroshka/ecommerce/services/gateway/cmd/main.go:79.44,81.4 1 0
github.com/zxCroshka/ecommerce/services/gateway/cmd/main.go:82.3,82.44 1 0
github.com/zxCroshka/ecommerce/services/gateway/cmd/main.go:86.64,88.82 2 4
github.com/zxCroshka/ecommerce/services/gateway/cmd/main.go:88.82,90.3 1 1
github.com/zxCroshka/ecommerce/services/gateway/cmd/main.go:92.2,94.56 3 3
github.com/zxCroshka/ecommerce/services/gateway/cmd/main.go:95.14,96.52 1 1
github.com/zxCroshka/ecommerce/services/gateway/cmd/main.go:97.14,98.52 1 1
github.com/zxCroshka/ecommerce/services/gateway/cmd/main.go:99.10,100.70 1 1
github.com/zxCroshka/ecommerce/services/gateway/cmd/main.go:102.2,102.31 1 2
github.com/zxCroshka/ecommerce/services/gateway/internal/clients/productservice/productservice.go:38.52,40.42 2 0
github.com/zxCroshka/ecommerce/services/gateway/internal/clients/productservice/productservice.go:40.42,42.3 1 0
github.com/zxCroshka/ecommerce/services/gateway/internal/clients/productservice/productservice.go:43.2,43.48 1 0
github.com/zxCroshka/ecommerce/services/gateway/internal/clients/productservice/productservice.go:43.48,45.3 1 0
github.com/zxCroshka/ecommerce/services/gateway/internal/clients/productservice/productservice.go:46.2,46.24 1 0
github.com/zxCroshka/ecommerce/services/gateway/internal/clients/productservice/productservice.go:46.24,48.3 1 0
github.com/zxCroshka/ecommerce/services/gateway/internal/clients/productservice/productservice.go:49.2,49.22 1 0
github.com/zxCroshka/ecommerce/services/gateway/internal/clients/productservice/productservice.go:49.22,51.3 1 0
github.com/zxCroshka/ecommerce/services/gateway/internal/clients/productservice/productservice.go:53.2,64.16 4 0
github.com/zxCroshka/ecommerce/services/gateway/internal/clients/productservice/productservice.go:64.16,66.3 1 0
github.com/zxCroshka/ecommerce/services/gateway/internal/clients/productservice/productservice.go:68.2,72.8 1 0
github.com/zxCroshka/ecommerce/services/gateway/internal/clients/productservice/productservice.go:75.39,78.31 2 0
github.com/zxCroshka/ecommerce/services/gateway/internal/clients/productservice/productservice.go:78.31,80.3 1 0
github.com/zxCroshka/ecommerce/services/gateway/internal/clients/productservice/productservice.go:81.2,81.39 1 0
github.com/zxCroshka/ecommerce/services/gateway/internal/clients/productservice/productservice.go:81.39,83.3 1 0
github.com/zxCroshka/ecommerce/services/gateway/internal/clients/productservice/productservice.go:84.2,84.12 1 0
github.com/zxCroshka/ecommerce/services/gateway/internal/clients/productservice/productservice.go:91.28,98.16 3 0
github.com/zxCroshka/ecommerce/services/gateway/internal/clients/productservice/productservice.go:98.16,100.3 1 0
github.com/zxCroshka/ecommerce/services/gateway/internal/clients/productservice/productservice.go:101.2,101.61 1 0
github.com/zxCroshka/ecommerce/services/gateway/internal/clients/productservice/productservice.go:101.61,103.3 1 0
github.com/zxCroshka/ecommerce/services/gateway/internal/clients/productservice/productservice.go:104.2,104.53 1 0
github.com/zxCroshka/ecommerce/services/gateway/internal/clients/productservice/productservice.go:111.32,115.16 3 0
github.com/zxCroshka/ecommerce/services/gateway/internal/clients/productservice/productservice.go:115.16,117.3 1 0
github.com/zxCroshka/ecommerce/services/gateway/internal/clients/productservice/productservice.go:118.2,119.16 2 0
github.com/zxCroshka/ecommerce/services/gateway/internal/clients/productservice/productservice.go:119.16,121.3 1 0
github.com/zxCroshka/ecommerce/services/gateway/internal/clients/productservice/productservice.go:122.2,122.63 1 0
github.com/zxCroshka/ecommerce/services/gateway/internal/clients/productservice/productservice.go:122.63,124.3 1 0
github.com/zxCroshka/ecommerce/services/gateway/internal/clients/productservice/productservice.go:126.2,127.49 2 0
github.com/zxCroshka/ecommerce/services/gateway/internal/clients/productservice/productservice.go:127.49,129.3 1 0
github.com/zxCroshka/ecommerce/services/gateway/internal/clients/productservice/productservice.go:131.2,136.8 1 0
github.com/zxCroshka/ecommerce/services/gateway/internal/clients/productservice/productservice.go:143.18,159.16 3 0
github.com/zxCroshka/ecommerce/services/gateway/internal/clients/productservice/productservice.go:159.16,161.3 1 0
github.com/zxCroshka/ecommerce/services/gateway/internal/clients/productservice/productservice.go:162.2,162.64 1 0
github.com/zxCroshka/ecommerce/services/gateway/internal/clients/productservice/productservice.go:162.64,164.3 1 0
github.com/zxCroshka/ecommerce/services/gateway/internal/clients/productservice/productservice.go:165.2,165.37 1 0
github.com/zxCroshka/ecommerce/services/gateway/internal/clients/productservice/productservice.go:173.9,185.25 3 0
github.com/zxCroshka/ecommerce/services/gateway/internal/clients/productservice/productservice.go:185.25,187.3 1 0
github.com/zxCroshka/ecommerce/services/gateway/internal/clients/productservice/productservice.go:189.2,194.16 2 0
github.com/zxCroshka/ecommerce/services/gateway/internal/clients/productservice/productservice.go:194.16,196.3 1 0
github.com/zxCroshka/ecommerce/services/gateway/internal/clients/productservice/productservice.go:197.2,197.64 1 0
github.com/zxCroshka/ecommerce/services/gateway/internal/clients/productservice/productservice.go:197.64,199.3 1 0
github.com/zxCroshka/ecommerce/services/gateway/internal/clients/productservice/productservice.go:200.2,200.12 1 0
github.com/zxCroshka/ecommerce/services/gateway/internal/clients/productservice/productservice.go:203.100,211.16 3 0
github.com/zxCroshka/ecommerce/services/gateway/internal/clients/productservice/productservice.go:211.16,213.3 1 0
github.com/zxCroshka/ecommerce/services/gateway/internal/clients/productservice/productservice.go:214.2,214.61 1 0
github.com/zxCroshka/ecommerce/services/gateway/internal/clients/productservice/productservice.go:214.61,216.3 1 0
github.com/zxCroshka/ecommerce/services/gateway/internal/clients/productservice/productservice.go:217.2,217.12 1 0
github.com/zxCroshka/ecommerce/services/gateway/internal/clients/productservice/productservice.go:224.9,235.16 3 0
github.com/zxCroshka/ecommerce/services/gateway/internal/clients/productservice/productservice.go:235.16,237.3 1 0
github.com/zxCroshka/ecommerce/services/gateway/internal/clients/productservice/productservice.go:238.2,238.63 1 0
github.com/zxCroshka/ecommerce/services/gateway/internal/clients/productservice/productservice.go:238.63,240.3 1 0
github.com/zxCroshka/ecommerce/services/gateway/internal/clients/productservice/productservice.go:241.2,241.12 1 0
github.com/zxCroshka/ecommerce/services/gateway/internal/clients/productservice/productservice.go:244.104,254.16 3 0
github.com/zxCroshka/ecommerce/services/gateway/internal/clients/productservice/productservice.go:254.16,256.3 1 0
github.com/zxCroshka/ecommerce/services/gateway/internal/clients/productservice/productservice.go:257.2,257.63 1 0
github.com/zxCroshka/ecommerce/services/gateway/internal/clients/productservice/productservice.go:257.63,259.3 1 0
github.com/zxCroshka/ecommerce/services/gateway/internal/clients/productservice/productservice.go:260.2,260.12 1 0
github.com/zxCroshka/ecommerce/services/gateway/internal/clients/productservice/productservice.go:263.81,264.36 1 0
github.com/zxCroshka/ecommerce/services/gateway/internal/clients/productservice/productservice.go:264.36,266.3 1 0
github.com/zxCroshka/ecommerce/services/gateway/internal/clients/productservice/productservice.go:267.2,267.36 1 0
github.com/zxCroshka/ecommerce/services/gateway/internal/clients/productservice/productservice.go:270.73,276.2 1 0
github.com/zxCroshka/ecommerce/services/gateway/internal/clients/productservice/productservice.go:278.79,280.2 1 0
github.com/zxCroshka/ecommerce/services/gateway/internal/clients/productservice/productservice.go:282.107,284.22 2 3
github.com/zxCroshka/ecommerce/services/gateway/internal/clients/productservice/productservice.go:285.33,285.33 0 1
github.com/zxCroshka/ecommerce/services/gateway/internal/clients/productservice/productservice.go:286.33,287.73 1 1
github.com/zxCroshka/ecommerce/services/gateway/internal/clients/productservice/productservice.go:288.32,289.72 1 0
github.com/zxCroshka/ecommerce/services/gateway/internal/clients/productservice/productservice.go:290.35,291.78 1 0
github.com/zxCroshka/ecommerce/services/gateway/internal/clients/productservice/productservice.go:292.10,293.121 1 1
github.com/zxCroshka/ecommerce/services/gateway/internal/clients/productservice/productservice.go:296.2,297.23 2 2
github.com/zxCroshka/ecommerce/services/gateway/internal/clients/productservice/productservice.go:298.34,298.34 0 0
github.com/zxCroshka/ecommerce/services/gateway/internal/clients/productservice/productservice.go:299.30,300.71 1 1
github.com/zxCroshka/ecommerce/services/gateway/internal/clients/productservice/productservice.go:301.31,302.72 1 0
github.com/zxCroshka/ecommerce/services/gateway/internal/clients/productservice/productservice.go:303.10,304.121 1 1
github.com/zxCroshka/ecommerce/services/gateway/internal/clients/productservice/productservice.go:307.2,314.8 1 1
github.com/zxCroshka/ecommerce/services/gateway/internal/clients/productservice/productservice.go:317.74,330.2 1 0
github.com/zxCroshka/ecommerce/services/gateway/internal/clients/productservice/productservice.go:332.48,334.2 1 13
github.com/zxCroshka/ecommerce/services/gateway/internal/clients/productservice/validation.go:11.86,14.21 2 4
github.com/zxCroshka/ecommerce/services/gateway/internal/clients/productservice/validation.go:14.21,16.3 1 1
github.com/zxCroshka/ecommerce/services/gateway/internal/clients/productservice/validation.go:17.2,17.51 1 3
github.com/zxCroshka/ecommerce/services/gateway/internal/clients/productservice/validation.go:20.90,23.21 2 4
github.com/zxCroshka/ecommerce/services/gateway/internal/clients/productservice/validation.go:23.21,25.3 1 1
github.com/zxCroshka/ecommerce/services/gateway/internal/clients/productservice/validation.go:26.2,26.29 1 3
github.com/zxCroshka/ecommerce/services/gateway/internal/clients/productservice/validation.go:26.29,28.3 1 0
github.com/zxCroshka/ecommerce/services/gateway/internal/clients/productservice/validation.go:29.2,29.30 1 3
github.com/zxCroshka/ecommerce/services/gateway/internal/clients/productservice/validation.go:29.30,31.3 1 0
github.com/zxCroshka/ecommerce/services/gateway/internal/clients/productservice/validation.go:32.2,32.30 1 3
github.com/zxCroshka/ecommerce/services/gateway/internal/clients/productservice/validation.go:32.30,34.3 1 0
github.com/zxCroshka/ecommerce/services/gateway/internal/clients/productservice/validation.go:35.2,35.62 1 3
github.com/zxCroshka/ecommerce/services/gateway/internal/clients/productservice/validation.go:35.62,37.3 1 1
github.com/zxCroshka/ecommerce/services/gateway/internal/clients/productservice/validation.go:38.2,38.49 1 2
github.com/zxCroshka/ecommerce/services/gateway/internal/clients/productservice/validation.go:38.49,39.54 1 1
github.com/zxCroshka/ecommerce/services/gateway/internal/clients/productservice/validation.go:39.54,41.4 1 0
github.com/zxCroshka/ecommerce/services/gateway/internal/clients/productservice/validation.go:43.2,43.12 1 2
github.com/zxCroshka/ecommerce/services/gateway/internal/clients/productservice/validation.go:46.92,49.21 2 3
github.com/zxCroshka/ecommerce/services/gateway/internal/clients/productservice/validation.go:49.21,51.3 1 1
github.com/zxCroshka/ecommerce/services/gateway/internal/clients/productservice/validation.go:52.2,52.34 1 2
github.com/zxCroshka/ecommerce/services/gateway/internal/clients/productservice/validation.go:52.34,54.3 1 1
github.com/zxCroshka/ecommerce/services/gateway/internal/clients/productservice/validation.go:55.2,55.12 1 1
github.com/zxCroshka/ecommerce/services/gateway/internal/clients/productservice/validation.go:58.98,60.2 1 2
github.com/zxCroshka/ecommerce/services/gateway/internal/clients/productservice/validation.go:62.86,64.2 1 2
github.com/zxCroshka/ecommerce/services/gateway/internal/clients/productservice/validation.go:66.90,68.2 1 2
github.com/zxCroshka/ecommerce/services/gateway/internal/clients/productservice/validation.go:70.90,72.2 1 2
github.com/zxCroshka/ecommerce/services/gateway/internal/clients/productservice/validation.go:74.74,75.20 1 4
github.com/zxCroshka/ecommerce/services/gateway/internal/clients/productservice/validation.go:75.20,77.3 1 1
github.com/zxCroshka/ecommerce/services/gateway/internal/clients/productservice/validation.go:78.2,78.26 1 3
github.com/zxCroshka/ecommerce/services/gateway/internal/clients/productservice/validation.go:78.26,80.3 1 0
github.com/zxCroshka/ecommerce/services/gateway/internal/clients/productservice/validation.go:81.2,81.48 1 3
github.com/zxCroshka/ecommerce/services/gateway/internal/clients/productservice/validation.go:81.48,83.3 1 0
github.com/zxCroshka/ecommerce/services/gateway/internal/clients/productservice/validation.go:84.2,84.28 1 3
github.com/zxCroshka/ecommerce/services/gateway/internal/clients/productservice/validation.go:84.28,86.3 1 1
github.com/zxCroshka/ecommerce/services/gateway/internal/clients/productservice/validation.go:87.2,87.28 1 2
github.com/zxCroshka/ecommerce/services/gateway/internal/clients/productservice/validation.go:87.28,89.3 1 0
github.com/zxCroshka/ecommerce/services/gateway/internal/clients/productservice/validation.go:90.2,90.52 1 2
github.com/zxCroshka/ecommerce/services/gateway/internal/clients/productservice/validation.go:90.52,92.3 1 0
github.com/zxCroshka/ecommerce/services/gateway/internal/clients/productservice/validation.go:93.2,93.44 1 2
github.com/zxCroshka/ecommerce/services/gateway/internal/clients/productservice/validation.go:93.44,94.37 1 2
github.com/zxCroshka/ecommerce/services/gateway/internal/clients/productservice/validation.go:94.37,96.4 1 0
github.com/zxCroshka/ecommerce/services/gateway/internal/clients/productservice/validation.go:98.2,98.81 1 2
github.com/zxCroshka/ecommerce/services/gateway/internal/clients/productservice/validation.go:98.81,100.3 1 0
github.com/zxCroshka/ecommerce/services/gateway/internal/clients/productservice/validation.go:101.2,101.81 1 2
github.com/zxCroshka/ecommerce/services/gateway/internal/clients/productservice/validation.go:101.81,103.3 1 0
github.com/zxCroshka/ecommerce/services/gateway/internal/clients/productservice/validation.go:104.2,104.12 1 2
github.com/zxCroshka/ecommerce/services/gateway/internal/clients/productservice/validation.go:107.53,108.14 1 8
github.com/zxCroshka/ecommerce/services/gateway/internal/clients/productservice/validation.go:108.14,110.3 1 4
github.com/zxCroshka/ecommerce/services/gateway/internal/clients/productservice/validation.go:111.2,111.12 1 4
github.com/zxCroshka/ecommerce/services/gateway/internal/clients/productservice/validation.go:114.48,116.2 1 11
github.com/zxCroshka/ecommerce/services/gateway/internal/clients/userservice/userservice.go:32.49,34.42 2 0
github.com/zxCroshka/ecommerce/services/gateway/internal/clients/userservice/userservice.go:34.42,36.3 1 0
github.com/zxCroshka/ecommerce/services/gateway/internal/clients/userservice/userservice.go:37.2,37.24 1 0
github.com/zxCroshka/ecommerce/services/gateway/internal/clients/userservice/userservice.go:37.24,39.3 1 0
github.com/zxCroshka/ecommerce/services/gateway/internal/clients/userservice/userservice.go:40.2,40.22 1 0
github.com/zxCroshka/ecommerce/services/gateway/internal/clients/userservice/userservice.go:40.22,42.3 1 0
github.com/zxCroshka/ecommerce/services/gateway/internal/clients/userservice/userservice.go:44.2,55.16 4 0
github.com/zxCroshka/ecommerce/services/gateway/internal/clients/userservice/userservice.go:55.16,57.3 1 0
github.com/zxCroshka/ecommerce/services/gateway/internal/clients/userservice/userservice.go:59.2,62.8 1 0
github.com/zxCroshka/ecommerce/services/gateway/internal/clients/userservice/userservice.go:65.36,68.31 2 0
github.com/zxCroshka/ecommerce/services/gateway/internal/clients/userservice/userservice.go:68.31,70.3 1 0
github.com/zxCroshka/ecommerce/services/gateway/internal/clients/userservice/userservice.go:71.2,71.39 1 0
github.com/zxCroshka/ecommerce/services/gateway/internal/clients/userservice/userservice.go:71.39,73.3 1 0
github.com/zxCroshka/ecommerce/services/gateway/internal/clients/userservice/userservice.go:74.2,74.12 1 0
github.com/zxCroshka/ecommerce/services/gateway/internal/clients/userservice/userservice.go:77.97,81.16 3 0
github.com/zxCroshka/ecommerce/services/gateway/internal/clients/userservice/userservice.go:81.16,83.3 1 0
github.com/zxCroshka/ecommerce/services/gateway/internal/clients/userservice/userservice.go:84.2,84.56 1 0
github.com/zxCroshka/ecommerce/services/gateway/internal/clients/userservice/userservice.go:84.56,86.3 1 0
github.com/zxCroshka/ecommerce/services/gateway/internal/clients/userservice/userservice.go:88.2,91.8 1 0
github.com/zxCroshka/ecommerce/services/gateway/internal/clients/userservice/userservice.go:94.88,102.16 3 0
github.com/zxCroshka/ecommerce/services/gateway/internal/clients/userservice/userservice.go:102.16,104.3 1 0
github.com/zxCroshka/ecommerce/services/gateway/internal/clients/userservice/userservice.go:105.2,105.59 1 0
github.com/zxCroshka/ecommerce/services/gateway/internal/clients/userservice/userservice.go:105.59,107.3 1 0
github.com/zxCroshka/ecommerce/services/gateway/internal/clients/userservice/userservice.go:108.2,108.12 1 0
github.com/zxCroshka/ecommerce/services/gateway/internal/clients/userservice/userservice.go:111.100,118.16 3 0
github.com/zxCroshka/ecommerce/services/gateway/internal/clients/userservice/userservice.go:118.16,120.3 1 0
github.com/zxCroshka/ecommerce/services/gateway/internal/clients/userservice/userservice.go:121.2,121.60 1 0
github.com/zxCroshka/ecommerce/services/gateway/internal/clients/userservice/userservice.go:121.60,123.3 1 0
github.com/zxCroshka/ecommerce/services/gateway/internal/clients/userservice/userservice.go:124.2,124.45 1 0
github.com/zxCroshka/ecommerce/services/gateway/internal/clients/userservice/userservice.go:127.105,133.16 3 0
github.com/zxCroshka/ecommerce/services/gateway/internal/clients/userservice/userservice.go:133.16,135.3 1 0
github.com/zxCroshka/ecommerce/services/gateway/internal/clients/userservice/userservice.go:136.2,136.60 1 0
github.com/zxCroshka/ecommerce/services/gateway/internal/clients/userservice/userservice.go:136.60,138.3 1 0
github.com/zxCroshka/ecommerce/services/gateway/internal/clients/userservice/userservice.go:139.2,139.45 1 0
github.com/zxCroshka/ecommerce/services/gateway/internal/clients/userservice/userservice.go:142.90,148.16 3 0
github.com/zxCroshka/ecommerce/services/gateway/internal/clients/userservice/userservice.go:148.16,150.3 1 0
github.com/zxCroshka/ecommerce/services/gateway/internal/clients/userservice/userservice.go:151.2,151.57 1 0
github.com/zxCroshka/ecommerce/services/gateway/internal/clients/userservice/userservice.go:151.57,153.3 1 0
github.com/zxCroshka/ecommerce/services/gateway/internal/clients/userservice/userservice.go:154.2,154.12 1 0
github.com/zxCroshka/ecommerce/services/gateway/internal/clients/userservice/userservice.go:157.93,161.16 3 0
github.com/zxCroshka/ecommerce/services/gateway/internal/clients/userservice/userservice.go:161.16,163.3 1 0
github.com/zxCroshka/ecommerce/services/gateway/internal/clients/userservice/userservice.go:164.2,164.58 1 0
github.com/zxCroshka/ecommerce/services/gateway/internal/clients/userservice/userservice.go:164.58,166.3 1 0
github.com/zxCroshka/ecommerce/services/gateway/internal/clients/userservice/userservice.go:168.2,173.8 1 0
github.com/zxCroshka/ecommerce/services/gateway/internal/clients/userservice/userservice.go:176.91,182.16 3 0
github.com/zxCroshka/ecommerce/services/gateway/internal/clients/userservice/userservice.go:182.16,184.3 1 0
github.com/zxCroshka/ecommerce/services/gateway/internal/clients/userservice/userservice.go:185.2,185.62 1 0
github.com/zxCroshka/ecommerce/services/gateway/internal/clients/userservice/userservice.go:185.62,187.3 1 0
github.com/zxCroshka/ecommerce/services/gateway/internal/clients/userservice/userservice.go:188.2,188.12 1 0
github.com/zxCroshka/ecommerce/services/gateway/internal/clients/userservice/userservice.go:191.89,197.16 3 0
github.com/zxCroshka/ecommerce/services/gateway/internal/clients/userservice/userservice.go:197.16,199.3 1 0
github.com/zxCroshka/ecommerce/services/gateway/internal/clients/userservice/userservice.go:200.2,200.61 1 0
github.com/zxCroshka/ecommerce/services/gateway/internal/clients/userservice/userservice.go:200.61,202.3 1 0
github.com/zxCroshka/ecommerce/services/gateway/internal/clients/userservice/userservice.go:203.2,203.12 1 0
github.com/zxCroshka/ecommerce/services/gateway/internal/clients/userservice/userservice.go:206.110,213.16 3 0
github.com/zxCroshka/ecommerce/services/gateway/internal/clients/userservice/userservice.go:213.16,215.3 1 0
github.com/zxCroshka/ecommerce/services/gateway/internal/clients/userservice/userservice.go:216.2,216.65 1 0
github.com/zxCroshka/ecommerce/services/gateway/internal/clients/userservice/userservice.go:216.65,218.3 1 0
github.com/zxCroshka/ecommerce/services/gateway/internal/clients/userservice/userservice.go:219.2,219.12 1 0
github.com/zxCroshka/ecommerce/services/gateway/internal/clients/userservice/userservice.go:222.73,228.2 1 0
github.com/zxCroshka/ecommerce/services/gateway/internal/clients/userservice/userservice.go:230.89,237.2 1 0
github.com/zxCroshka/ecommerce/services/gateway/internal/clients/userservice/userservice.go:239.48,241.2 1 32
github.com/zxCroshka/ecommerce/services/gateway/internal/clients/userservice/validation.go:11.81,14.21 2 4
github.com/zxCroshka/ecommerce/services/gateway/internal/clients/userservice/validation.go:14.21,16.3 1 1
github.com/zxCroshka/ecommerce/services/gateway/internal/clients/userservice/validation.go:17.2,17.31 1 3
github.com/zxCroshka/ecommerce/services/gateway/internal/clients/userservice/validation.go:17.31,19.3 1 1
github.com/zxCroshka/ecommerce/services/gateway/internal/clients/userservice/validation.go:20.2,20.36 1 2
github.com/zxCroshka/ecommerce/services/gateway/internal/clients/userservice/validation.go:20.36,22.3 1 1
github.com/zxCroshka/ecommerce/services/gateway/internal/clients/userservice/validation.go:23.2,23.12 1 1
github.com/zxCroshka/ecommerce/services/gateway/internal/clients/userservice/validation.go:26.81,29.21 2 6
github.com/zxCroshka/ecommerce/services/gateway/internal/clients/userservice/validation.go:29.21,31.3 1 1
github.com/zxCroshka/ecommerce/services/gateway/internal/clients/userservice/validation.go:32.2,32.56 1 5
github.com/zxCroshka/ecommerce/services/gateway/internal/clients/userservice/validation.go:32.56,34.3 1 1
github.com/zxCroshka/ecommerce/services/gateway/internal/clients/userservice/validation.go:35.2,35.57 1 4
github.com/zxCroshka/ecommerce/services/gateway/internal/clients/userservice/validation.go:35.57,37.3 1 1
github.com/zxCroshka/ecommerce/services/gateway/internal/clients/userservice/validation.go:38.2,38.78 1 3
github.com/zxCroshka/ecommerce/services/gateway/internal/clients/userservice/validation.go:38.78,40.3 1 1
github.com/zxCroshka/ecommerce/services/gateway/internal/clients/userservice/validation.go:41.2,41.34 1 2
github.com/zxCroshka/ecommerce/services/gateway/internal/clients/userservice/validation.go:41.34,43.3 1 1
github.com/zxCroshka/ecommerce/services/gateway/internal/clients/userservice/validation.go:44.2,44.12 1 1
github.com/zxCroshka/ecommerce/services/gateway/internal/clients/userservice/validation.go:47.77,50.21 2 3
github.com/zxCroshka/ecommerce/services/gateway/internal/clients/userservice/validation.go:50.21,52.3 1 1
github.com/zxCroshka/ecommerce/services/gateway/internal/clients/userservice/validation.go:53.2,53.31 1 2
github.com/zxCroshka/ecommerce/services/gateway/internal/clients/userservice/validation.go:53.31,55.3 1 0
github.com/zxCroshka/ecommerce/services/gateway/internal/clients/userservice/validation.go:56.2,56.50 1 2
github.com/zxCroshka/ecommerce/services/gateway/internal/clients/userservice/validation.go:56.50,58.3 1 1
github.com/zxCroshka/ecommerce/services/gateway/internal/clients/userservice/validation.go:59.2,59.49 1 1
github.com/zxCroshka/ecommerce/services/gateway/internal/clients/userservice/validation.go:59.49,61.3 1 0
github.com/zxCroshka/ecommerce/services/gateway/internal/clients/userservice/validation.go:62.2,62.36 1 1
github.com/zxCroshka/ecommerce/services/gateway/internal/clients/userservice/validation.go:62.36,64.3 1 0
github.com/zxCroshka/ecommerce/services/gateway/internal/clients/userservice/validation.go:65.2,65.12 1 1
github.com/zxCroshka/ecommerce/services/gateway/internal/clients/userservice/validation.go:68.79,70.2 1 2
github.com/zxCroshka/ecommerce/services/gateway/internal/clients/userservice/validation.go:72.75,74.2 1 2
github.com/zxCroshka/ecommerce/services/gateway/internal/clients/userservice/validation.go:76.85,78.2 1 2
github.com/zxCroshka/ecommerce/services/gateway/internal/clients/userservice/validation.go:80.83,82.2 1 2
github.com/zxCroshka/ecommerce/services/gateway/internal/clients/userservice/validation.go:84.91,86.2 1 2
github.com/zxCroshka/ecommerce/services/gateway/internal/clients/userservice/validation.go:88.53,89.14 1 10
github.com/zxCroshka/ecommerce/services/gateway/internal/clients/userservice/validation.go:89.14,91.3 1 5
github.com/zxCroshka/ecommerce/services/gateway/internal/clients/userservice/validation.go:92.2,92.12 1 5
github.com/zxCroshka/ecommerce/services/gateway/internal/clients/userservice/validation.go:95.48,97.2 1 15
github.com/zxCroshka/ecommerce/services/gateway/internal/clients/userservice/validation.go:99.34,100.50 1 3
github.com/zxCroshka/ecommerce/services/gateway/internal/clients/userservice/validation.go:101.27,102.14 1 2
github.com/zxCroshka/ecommerce/services/gateway/internal/clients/userservice/validation.go:103.10,104.15 1 1
github.com/zxCroshka/ecommerce/services/gateway/internal/config/config.go:29.38,31.2 1 1
github.com/zxCroshka/ecommerce/services/gateway/internal/config/config.go:62.53,87.41 23 1
github.com/zxCroshka/ecommerce/services/gateway/internal/config/config.go:87.41,89.3 1 0
github.com/zxCroshka/ecommerce/services/gateway/internal/config/config.go:91.2,92.45 2 1
github.com/zxCroshka/ecommerce/services/gateway/internal/config/config.go:92.45,94.3 1 0
github.com/zxCroshka/ecommerce/services/gateway/internal/config/config.go:96.2,96.42 1 1
github.com/zxCroshka/ecommerce/services/gateway/internal/config/config.go:96.42,98.3 1 0
github.com/zxCroshka/ecommerce/services/gateway/internal/config/config.go:100.2,100.21 1 1
github.com/zxCroshka/ecommerce/services/gateway/internal/config/config.go:103.35,104.42 1 1
github.com/zxCroshka/ecommerce/services/gateway/internal/config/config.go:104.42,106.3 1 0
github.com/zxCroshka/ecommerce/services/gateway/internal/config/config.go:107.2,107.45 1 1
github.com/zxCroshka/ecommerce/services/gateway/internal/config/config.go:107.45,109.3 1 0
github.com/zxCroshka/ecommerce/services/gateway/internal/config/config.go:110.2,111.58 1 1
github.com/zxCroshka/ecommerce/services/gateway/internal/config/config.go:111.58,113.3 1 0
github.com/zxCroshka/ecommerce/services/gateway/internal/config/config.go:114.2,114.52 1 1
github.com/zxCroshka/ecommerce/services/gateway/internal/config/config.go:114.52,116.3 1 0
github.com/zxCroshka/ecommerce/services/gateway/internal/config/config.go:117.2,117.55 1 1
github.com/zxCroshka/ecommerce/services/gateway/internal/config/config.go:117.55,119.3 1 0
github.com/zxCroshka/ecommerce/services/gateway/internal/config/config.go:120.2,120.61 1 1
github.com/zxCroshka/ecommerce/services/gateway/internal/config/config.go:120.61,122.3 1 0
github.com/zxCroshka/ecommerce/services/gateway/internal/config/config.go:123.2,123.52 1 1
github.com/zxCroshka/ecommerce/services/gateway/internal/config/config.go:123.52,125.3 1 0
github.com/zxCroshka/ecommerce/services/gateway/internal/config/config.go:126.2,126.101 1 1
github.com/zxCroshka/ecommerce/services/gateway/internal/config/config.go:126.101,128.3 1 0
github.com/zxCroshka/ecommerce/services/gateway/internal/config/config.go:129.2,129.95 1 1
github.com/zxCroshka/ecommerce/services/gateway/internal/config/config.go:129.95,131.3 1 0
github.com/zxCroshka/ecommerce/services/gateway/internal/config/config.go:132.2,132.46 1 1
github.com/zxCroshka/ecommerce/services/gateway/internal/config/config.go:132.46,134.3 1 0
github.com/zxCroshka/ecommerce/services/gateway/internal/config/config.go:135.2,136.42 2 1
github.com/zxCroshka/ecommerce/services/gateway/internal/config/config.go:136.42,138.3 1 0
github.com/zxCroshka/ecommerce/services/gateway/internal/config/config.go:139.2,139.12 1 1
github.com/zxCroshka/ecommerce/services/gateway/internal/clients/cartservice/cartservice.go:29.49,31.42 2 0
github.com/zxCroshka/ecommerce/services/gateway/internal/clients/cartservice/cartservice.go:31.42,33.3 1 0
github.com/zxCroshka/ecommerce/services/gateway/internal/clients/cartservice/cartservice.go:34.2,34.24 1 0
github.com/zxCroshka/ecommerce/services/gateway/internal/clients/cartservice/cartservice.go:34.24,36.3 1 0
github.com/zxCroshka/ecommerce/services/gateway/internal/clients/cartservice/cartservice.go:37.2,37.22 1 0
github.com/zxCroshka/ecommerce/services/gateway/internal/clients/cartservice/cartservice.go:37.22,39.3 1 0
github.com/zxCroshka/ecommerce/services/gateway/internal/clients/cartservice/cartservice.go:41.2,52.16 4 0
github.com/zxCroshka/ecommerce/services/gateway/internal/clients/cartservice/cartservice.go:52.16,54.3 1 0
github.com/zxCroshka/ecommerce/services/gateway/internal/clients/cartservice/cartservice.go:56.2,59.8 1 0
github.com/zxCroshka/ecommerce/services/gateway/internal/clients/cartservice/cartservice.go:62.36,65.31 2 0
github.com/zxCroshka/ecommerce/services/gateway/internal/clients/cartservice/cartservice.go:65.31,67.3 1 0
github.com/zxCroshka/ecommerce/services/gateway/internal/clients/cartservice/cartservice.go:68.2,68.39 1 0
github.com/zxCroshka/ecommerce/services/gateway/internal/clients/cartservice/cartservice.go:68.39,70.3 1 0
github.com/zxCroshka/ecommerce/services/gateway/internal/clients/cartservice/cartservice.go:71.2,71.12 1 0
github.com/zxCroshka/ecommerce/services/gateway/internal/clients/cartservice/cartservice.go:74.87,78.16 3 0
github.com/zxCroshka/ecommerce/services/gateway/internal/clients/cartservice/cartservice.go:78.16,80.3 1 0
github.com/zxCroshka/ecommerce/services/gateway/internal/clients/cartservice/cartservice.go:81.2,81.58 1 0
github.com/zxCroshka/ecommerce/services/gateway/internal/clients/cartservice/cartservice.go:81.58,83.3 1 0
github.com/zxCroshka/ecommerce/services/gateway/internal/clients/cartservice/cartservice.go:84.2,84.48 1 0
github.com/zxCroshka/ecommerce/services/gateway/internal/clients/cartservice/cartservice.go:90.37,104.16 3 0
github.com/zxCroshka/ecommerce/services/gateway/internal/clients/cartservice/cartservice.go:104.16,106.3 1 0
github.com/zxCroshka/ecommerce/services/gateway/internal/clients/cartservice/cartservice.go:107.2,107.61 1 0
github.com/zxCroshka/ecommerce/services/gateway/internal/clients/cartservice/cartservice.go:107.61,109.3 1 0
github.com/zxCroshka/ecommerce/services/gateway/internal/clients/cartservice/cartservice.go:110.2,113.8 1 0
github.com/zxCroshka/ecommerce/services/gateway/internal/clients/cartservice/cartservice.go:116.88,127.16 3 0
github.com/zxCroshka/ecommerce/services/gateway/internal/clients/cartservice/cartservice.go:127.16,129.3 1 0
github.com/zxCroshka/ecommerce/services/gateway/internal/clients/cartservice/cartservice.go:130.2,130.64 1 0
github.com/zxCroshka/ecommerce/services/gateway/internal/clients/cartservice/cartservice.go:130.64,132.3 1 0
github.com/zxCroshka/ecommerce/services/gateway/internal/clients/cartservice/cartservice.go:133.2,133.12 1 0
github.com/zxCroshka/ecommerce/services/gateway/internal/clients/cartservice/cartservice.go:139.9,153.16 3 0
github.com/zxCroshka/ecommerce/services/gateway/internal/clients/cartservice/cartservice.go:153.16,155.3 1 0
github.com/zxCroshka/ecommerce/services/gateway/internal/clients/cartservice/cartservice.go:156.2,156.72 1 0
github.com/zxCroshka/ecommerce/services/gateway/internal/clients/cartservice/cartservice.go:156.72,158.3 1 0
github.com/zxCroshka/ecommerce/services/gateway/internal/clients/cartservice/cartservice.go:159.2,159.12 1 0
github.com/zxCroshka/ecommerce/services/gateway/internal/clients/cartservice/cartservice.go:162.92,170.16 3 0
github.com/zxCroshka/ecommerce/services/gateway/internal/clients/cartservice/cartservice.go:170.16,172.3 1 0
github.com/zxCroshka/ecommerce/services/gateway/internal/clients/cartservice/cartservice.go:173.2,173.63 1 0
github.com/zxCroshka/ecommerce/services/gateway/internal/clients/cartservice/cartservice.go:173.63,175.3 1 0
github.com/zxCroshka/ecommerce/services/gateway/internal/clients/cartservice/cartservice.go:176.2,176.48 1 0
github.com/zxCroshka/ecommerce/services/gateway/internal/clients/cartservice/cartservice.go:179.66,181.29 2 0
github.com/zxCroshka/ecommerce/services/gateway/internal/clients/cartservice/cartservice.go:181.29,186.3 1 0
github.com/zxCroshka/ecommerce/services/gateway/internal/clients/cartservice/cartservice.go:187.2,187.36 1 0
github.com/zxCroshka/ecommerce/services/gateway/internal/clients/cartservice/cartservice.go:190.48,192.2 1 11
github.com/zxCroshka/ecommerce/services/gateway/internal/clients/cartservice/validation.go:9.77,12.21 2 6
github.com/zxCroshka/ecommerce/services/gateway/internal/clients/cartservice/validation.go:12.21,14.3 1 1
github.com/zxCroshka/ecommerce/services/gateway/internal/clients/cartservice/validation.go:15.2,15.57 1 5
github.com/zxCroshka/ecommerce/services/gateway/internal/clients/cartservice/validation.go:18.83,21.21 2 4
github.com/zxCroshka/ecommerce/services/gateway/internal/clients/cartservice/validation.go:21.21,23.3 1 1
github.com/zxCroshka/ecommerce/services/gateway/internal/clients/cartservice/validation.go:24.2,24.35 1 3
github.com/zxCroshka/ecommerce/services/gateway/internal/clients/cartservice/validation.go:24.35,26.3 1 1
github.com/zxCroshka/ecommerce/services/gateway/internal/clients/cartservice/validation.go:27.2,27.39 1 2
github.com/zxCroshka/ecommerce/services/gateway/internal/clients/cartservice/validation.go:27.39,29.3 1 1
github.com/zxCroshka/ecommerce/services/gateway/internal/clients/cartservice/validation.go:30.2,30.12 1 1
github.com/zxCroshka/ecommerce/services/gateway/internal/clients/cartservice/validation.go:33.89,35.2 1 2
github.com/zxCroshka/ecommerce/services/gateway/internal/clients/cartservice/validation.go:37.105,39.2 1 2
github.com/zxCroshka/ecommerce/services/gateway/internal/clients/cartservice/validation.go:41.87,44.21 2 3
github.com/zxCroshka/ecommerce/services/gateway/internal/clients/cartservice/validation.go:44.21,46.3 1 1
github.com/zxCroshka/ecommerce/services/gateway/internal/clients/cartservice/validation.go:47.2,47.58 1 2
github.com/zxCroshka/ecommerce/services/gateway/internal/clients/cartservice/validation.go:50.91,51.36 1 7
github.com/zxCroshka/ecommerce/services/gateway/internal/clients/cartservice/validation.go:51.36,53.3 1 1
github.com/zxCroshka/ecommerce/services/gateway/internal/clients/cartservice/validation.go:54.2,55.29 2 6
github.com/zxCroshka/ecommerce/services/gateway/internal/clients/cartservice/validation.go:55.29,56.18 1 6
github.com/zxCroshka/ecommerce/services/gateway/internal/clients/cartservice/validation.go:56.18,58.4 1 1
github.com/zxCroshka/ecommerce/services/gateway/internal/clients/cartservice/validation.go:59.3,59.31 1 5
github.com/zxCroshka/ecommerce/services/gateway/internal/clients/cartservice/validation.go:59.31,61.4 1 0
github.com/zxCroshka/ecommerce/services/gateway/internal/clients/cartservice/validation.go:62.3,62.30 1 5
github.com/zxCroshka/ecommerce/services/gateway/internal/clients/cartservice/validation.go:62.30,64.4 1 1
github.com/zxCroshka/ecommerce/services/gateway/internal/clients/cartservice/validation.go:65.3,65.53 1 4
github.com/zxCroshka/ecommerce/services/gateway/internal/clients/cartservice/validation.go:65.53,67.4 1 1
github.com/zxCroshka/ecommerce/services/gateway/internal/clients/cartservice/validation.go:68.3,68.41 1 3
github.com/zxCroshka/ecommerce/services/gateway/internal/clients/cartservice/validation.go:70.2,70.12 1 3
github.com/zxCroshka/ecommerce/services/gateway/internal/clients/cartservice/validation.go:73.53,74.14 1 4
github.com/zxCroshka/ecommerce/services/gateway/internal/clients/cartservice/validation.go:74.14,76.3 1 2
github.com/zxCroshka/ecommerce/services/gateway/internal/clients/cartservice/validation.go:77.2,77.12 1 2
github.com/zxCroshka/ecommerce/services/gateway/internal/clients/cartservice/validation.go:80.48,82.2 1 11
github.com/zxCroshka/ecommerce/services/gateway/internal/app/app.go:35.62,37.16 2 2
github.com/zxCroshka/ecommerce/services/gateway/internal/app/app.go:37.16,39.3 1 1
github.com/zxCroshka/ecommerce/services/gateway/internal/app/app.go:40.2,40.16 1 1
github.com/zxCroshka/ecommerce/services/gateway/internal/app/app.go:40.16,42.3 1 0
github.com/zxCroshka/ecommerce/services/gateway/internal/app/app.go:44.2,49.16 2 1
github.com/zxCroshka/ecommerce/services/gateway/internal/app/app.go:49.16,51.3 1 0
github.com/zxCroshka/ecommerce/services/gateway/internal/app/app.go:53.2,59.16 2 1
github.com/zxCroshka/ecommerce/services/gateway/internal/app/app.go:59.16,64.3 1 0
github.com/zxCroshka/ecommerce/services/gateway/internal/app/app.go:66.2,71.16 2 1
github.com/zxCroshka/ecommerce/services/gateway/internal/app/app.go:71.16,77.3 1 0
github.com/zxCroshka/ecommerce/services/gateway/internal/app/app.go:79.2,111.8 8 1
github.com/zxCroshka/ecommerce/services/gateway/internal/app/app.go:114.27,115.33 1 1
github.com/zxCroshka/ecommerce/services/gateway/internal/app/app.go:115.33,117.3 1 1
github.com/zxCroshka/ecommerce/services/gateway/internal/app/app.go:118.2,119.91 2 0
github.com/zxCroshka/ecommerce/services/gateway/internal/app/app.go:119.91,121.3 1 0
github.com/zxCroshka/ecommerce/services/gateway/internal/app/app.go:122.2,122.12 1 0
github.com/zxCroshka/ecommerce/services/gateway/internal/app/app.go:125.51,126.14 1 2
github.com/zxCroshka/ecommerce/services/gateway/internal/app/app.go:126.14,128.3 1 0
github.com/zxCroshka/ecommerce/services/gateway/internal/app/app.go:130.2,130.27 1 2
github.com/zxCroshka/ecommerce/services/gateway/internal/app/app.go:130.27,133.22 3 1
github.com/zxCroshka/ecommerce/services/gateway/internal/app/app.go:133.22,135.24 2 1
github.com/zxCroshka/ecommerce/services/gateway/internal/app/app.go:135.24,137.5 1 0
github.com/zxCroshka/ecommerce/services/gateway/internal/app/app.go:140.3,145.4 1 1
github.com/zxCroshka/ecommerce/services/gateway/internal/app/app.go:147.2,147.22 1 2
github.com/zxCroshka/ecommerce/services/gateway/internal/app/app.go:150.47,151.14 1 1
github.com/zxCroshka/ecommerce/services/gateway/internal/app/app.go:151.14,153.3 1 0
github.com/zxCroshka/ecommerce/services/gateway/internal/app/app.go:154.2,154.26 1 1
github.com/zxCroshka/ecommerce/services/gateway/internal/app/app.go:157.39,158.25 1 1
github.com/zxCroshka/ecommerce/services/gateway/internal/app/app.go:158.25,160.3 1 0
github.com/zxCroshka/ecommerce/services/gateway/internal/app/app.go:161.2,161.29 1 1
github.com/zxCroshka/ecommerce/services/gateway/internal/app/app.go:164.42,165.28 1 1
github.com/zxCroshka/ecommerce/services/gateway/internal/app/app.go:165.28,167.3 1 0
github.com/zxCroshka/ecommerce/services/gateway/internal/app/app.go:168.2,168.32 1 1
github.com/zxCroshka/ecommerce/services/gateway/internal/app/app.go:171.39,172.25 1 1
github.com/zxCroshka/ecommerce/services/gateway/internal/app/app.go:172.25,174.3 1 0
github.com/zxCroshka/ecommerce/services/gateway/internal/app/app.go:175.2,175.29 1 1
github.com/zxCroshka/ecommerce/services/gateway/internal/handlers/auth/auth.go:30.59,31.16 1 3
github.com/zxCroshka/ecommerce/services/gateway/internal/handlers/auth/auth.go:31.16,33.3 1 0
github.com/zxCroshka/ecommerce/services/gateway/internal/handlers/auth/auth.go:34.2,34.42 1 3
github.com/zxCroshka/ecommerce/services/gateway/internal/handlers/auth/auth.go:37.51,42.53 4 1
github.com/zxCroshka/ecommerce/services/gateway/internal/handlers/auth/auth.go:42.53,46.3 3 1
github.com/zxCroshka/ecommerce/services/gateway/internal/handlers/auth/auth.go:48.2,49.16 2 0
github.com/zxCroshka/ecommerce/services/gateway/internal/handlers/auth/auth.go:49.16,51.3 1 0
github.com/zxCroshka/ecommerce/services/gateway/internal/handlers/auth/auth.go:52.2,57.16 1 0
github.com/zxCroshka/ecommerce/services/gateway/internal/handlers/auth/auth.go:57.16,61.3 3 0
github.com/zxCroshka/ecommerce/services/gateway/internal/handlers/auth/auth.go:63.2,66.4 1 0
github.com/zxCroshka/ecommerce/services/gateway/internal/handlers/auth/auth.go:69.48,74.53 4 1
github.com/zxCroshka/ecommerce/services/gateway/internal/handlers/auth/auth.go:74.53,78.3 3 0
github.com/zxCroshka/ecommerce/services/gateway/internal/handlers/auth/auth.go:80.2,81.16 2 1
github.com/zxCroshka/ecommerce/services/gateway/internal/handlers/auth/auth.go:81.16,85.3 3 0
github.com/zxCroshka/ecommerce/services/gateway/internal/handlers/auth/auth.go:86.2,86.22 1 1
github.com/zxCroshka/ecommerce/services/gateway/internal/handlers/auth/auth.go:86.22,91.3 4 0
github.com/zxCroshka/ecommerce/services/gateway/internal/handlers/auth/auth.go:93.2,93.32 1 1
github.com/zxCroshka/ecommerce/services/gateway/internal/handlers/auth/auth.go:96.55,101.53 4 0
github.com/zxCroshka/ecommerce/services/gateway/internal/handlers/auth/auth.go:101.53,105.3 3 0
github.com/zxCroshka/ecommerce/services/gateway/internal/handlers/auth/auth.go:107.2,108.16 2 0
github.com/zxCroshka/ecommerce/services/gateway/internal/handlers/auth/auth.go:108.16,112.3 3 0
github.com/zxCroshka/ecommerce/services/gateway/internal/handlers/auth/auth.go:113.2,113.22 1 0
github.com/zxCroshka/ecommerce/services/gateway/internal/handlers/auth/auth.go:113.22,118.3 4 0
github.com/zxCroshka/ecommerce/services/gateway/internal/handlers/auth/auth.go:120.2,120.32 1 0
github.com/zxCroshka/ecommerce/services/gateway/internal/handlers/auth/auth.go:123.49,128.9 4 1
github.com/zxCroshka/ecommerce/services/gateway/internal/handlers/auth/auth.go:128.9,131.3 2 0
github.com/zxCroshka/ecommerce/services/gateway/internal/handlers/auth/auth.go:133.2,134.53 2 1
github.com/zxCroshka/ecommerce/services/gateway/internal/handlers/auth/auth.go:134.53,138.3 3 0
github.com/zxCroshka/ecommerce/services/gateway/internal/handlers/auth/auth.go:140.2,144.16 1 1
github.com/zxCroshka/ecommerce/services/gateway/internal/handlers/auth/auth.go:144.16,148.3 3 0
github.com/zxCroshka/ecommerce/services/gateway/internal/handlers/auth/auth.go:150.2,153.4 1 1
github.com/zxCroshka/ecommerce/services/gateway/internal/handlers/auth/auth.go:156.68,166.2 1 1
github.com/zxCroshka/ecommerce/services/gateway/internal/handlers/cart/cart.go:29.59,30.16 1 5
github.com/zxCroshka/ecommerce/services/gateway/internal/handlers/cart/cart.go:30.16,32.3 1 0
github.com/zxCroshka/ecommerce/services/gateway/internal/handlers/cart/cart.go:33.2,33.42 1 5
github.com/zxCroshka/ecommerce/services/gateway/internal/handlers/cart/cart.go:36.50,41.9 4 2
github.com/zxCroshka/ecommerce/services/gateway/internal/handlers/cart/cart.go:41.9,44.3 2 1
github.com/zxCroshka/ecommerce/services/gateway/internal/handlers/cart/cart.go:46.2,47.16 2 1
github.com/zxCroshka/ecommerce/services/gateway/internal/handlers/cart/cart.go:47.16,51.3 3 0
github.com/zxCroshka/ecommerce/services/gateway/internal/handlers/cart/cart.go:52.2,52.17 1 1
github.com/zxCroshka/ecommerce/services/gateway/internal/handlers/cart/cart.go:52.17,57.3 4 0
github.com/zxCroshka/ecommerce/services/gateway/internal/handlers/cart/cart.go:59.2,64.4 1 1
github.com/zxCroshka/ecommerce/services/gateway/internal/handlers/cart/cart.go:67.53,72.9 4 1
github.com/zxCroshka/ecommerce/services/gateway/internal/handlers/cart/cart.go:72.9,75.3 2 0
github.com/zxCroshka/ecommerce/services/gateway/internal/handlers/cart/cart.go:77.2,78.53 2 1
github.com/zxCroshka/ecommerce/services/gateway/internal/handlers/cart/cart.go:78.53,82.3 3 0
github.com/zxCroshka/ecommerce/services/gateway/internal/handlers/cart/cart.go:84.2,90.16 2 1
github.com/zxCroshka/ecommerce/services/gateway/internal/handlers/cart/cart.go:90.16,94.3 3 0
github.com/zxCroshka/ecommerce/services/gateway/internal/handlers/cart/cart.go:95.2,95.19 1 1
github.com/zxCroshka/ecommerce/services/gateway/internal/handlers/cart/cart.go:95.19,100.3 4 0
github.com/zxCroshka/ecommerce/services/gateway/internal/handlers/cart/cart.go:102.2,109.4 1 1
github.com/zxCroshka/ecommerce/services/gateway/internal/handlers/cart/cart.go:112.57,117.9 4 1
github.com/zxCroshka/ecommerce/services/gateway/internal/handlers/cart/cart.go:117.9,120.3 2 0
github.com/zxCroshka/ecommerce/services/gateway/internal/handlers/cart/cart.go:121.2,122.16 2 1
github.com/zxCroshka/ecommerce/services/gateway/internal/handlers/cart/cart.go:122.16,125.3 2 0
github.com/zxCroshka/ecommerce/services/gateway/internal/handlers/cart/cart.go:127.2,128.53 2 1
github.com/zxCroshka/ecommerce/services/gateway/internal/handlers/cart/cart.go:128.53,132.3 3 0
github.com/zxCroshka/ecommerce/services/gateway/internal/handlers/cart/cart.go:134.2,139.16 1 1
github.com/zxCroshka/ecommerce/services/gateway/internal/handlers/cart/cart.go:139.16,143.3 3 0
github.com/zxCroshka/ecommerce/services/gateway/internal/handlers/cart/cart.go:145.2,148.4 1 1
github.com/zxCroshka/ecommerce/services/gateway/internal/handlers/cart/cart.go:151.56,156.9 4 1
github.com/zxCroshka/ecommerce/services/gateway/internal/handlers/cart/cart.go:156.9,159.3 2 0
github.com/zxCroshka/ecommerce/services/gateway/internal/handlers/cart/cart.go:160.2,161.16 2 1
github.com/zxCroshka/ecommerce/services/gateway/internal/handlers/cart/cart.go:161.16,164.3 2 1
github.com/zxCroshka/ecommerce/services/gateway/internal/handlers/cart/cart.go:166.2,170.16 1 0
github.com/zxCroshka/ecommerce/services/gateway/internal/handlers/cart/cart.go:170.16,174.3 3 0
github.com/zxCroshka/ecommerce/services/gateway/internal/handlers/cart/cart.go:175.2,175.34 1 0
github.com/zxCroshka/ecommerce/services/gateway/internal/handlers/cart/cart.go:178.68,180.29 2 1
github.com/zxCroshka/ecommerce/services/gateway/internal/handlers/cart/cart.go:180.29,185.3 1 1
github.com/zxCroshka/ecommerce/services/gateway/internal/handlers/cart/cart.go:186.2,186.22 1 1
github.com/zxCroshka/ecommerce/services/gateway/internal/handlers/cart/cart.go:189.50,191.27 2 2
github.com/zxCroshka/ecommerce/services/gateway/internal/handlers/cart/cart.go:191.27,193.3 1 1
github.com/zxCroshka/ecommerce/services/gateway/internal/handlers/cart/cart.go:194.2,194.16 1 1
github.com/zxCroshka/ecommerce/services/gateway/internal/middleware/auth.go:26.84,27.16 1 17
github.com/zxCroshka/ecommerce/services/gateway/internal/middleware/auth.go:27.16,29.3 1 0
github.com/zxCroshka/ecommerce/services/gateway/internal/middleware/auth.go:30.2,33.3 1 17
github.com/zxCroshka/ecommerce/services/gateway/internal/middleware/auth.go:36.57,37.32 1 12
github.com/zxCroshka/ecommerce/services/gateway/internal/middleware/auth.go:37.32,39.10 2 12
github.com/zxCroshka/ecommerce/services/gateway/internal/middleware/auth.go:39.10,42.4 2 5
github.com/zxCroshka/ecommerce/services/gateway/internal/middleware/auth.go:43.3,43.25 1 7
github.com/zxCroshka/ecommerce/services/gateway/internal/middleware/auth.go:43.25,47.4 3 1
github.com/zxCroshka/ecommerce/services/gateway/internal/middleware/auth.go:49.3,50.17 2 6
github.com/zxCroshka/ecommerce/services/gateway/internal/middleware/auth.go:50.17,54.4 3 2
github.com/zxCroshka/ecommerce/services/gateway/internal/middleware/auth.go:55.3,55.88 1 4
github.com/zxCroshka/ecommerce/services/gateway/internal/middleware/auth.go:55.88,59.4 3 2
github.com/zxCroshka/ecommerce/services/gateway/internal/middleware/auth.go:61.3,65.13 2 2
github.com/zxCroshka/ecommerce/services/gateway/internal/middleware/auth.go:69.78,71.36 2 6
github.com/zxCroshka/ecommerce/services/gateway/internal/middleware/auth.go:71.36,73.17 2 6
github.com/zxCroshka/ecommerce/services/gateway/internal/middleware/auth.go:73.17,75.4 1 6
github.com/zxCroshka/ecommerce/services/gateway/internal/middleware/auth.go:78.2,78.32 1 6
github.com/zxCroshka/ecommerce/services/gateway/internal/middleware/auth.go:78.32,80.10 2 6
github.com/zxCroshka/ecommerce/services/gateway/internal/middleware/auth.go:80.10,83.4 2 1
github.com/zxCroshka/ecommerce/services/gateway/internal/middleware/auth.go:84.3,84.24 1 5
github.com/zxCroshka/ecommerce/services/gateway/internal/middleware/auth.go:84.24,88.4 3 1
github.com/zxCroshka/ecommerce/services/gateway/internal/middleware/auth.go:90.3,91.34 2 4
github.com/zxCroshka/ecommerce/services/gateway/internal/middleware/auth.go:91.34,94.4 2 1
github.com/zxCroshka/ecommerce/services/gateway/internal/middleware/auth.go:95.3,95.13 1 3
github.com/zxCroshka/ecommerce/services/gateway/internal/middleware/auth.go:99.48,101.67 2 12
github.com/zxCroshka/ecommerce/services/gateway/internal/middleware/auth.go:101.67,103.3 1 5
github.com/zxCroshka/ecommerce/services/gateway/internal/middleware/auth.go:104.2,105.27 2 7
github.com/zxCroshka/ecommerce/services/gateway/internal/middleware/request_id.go:17.34,18.32 1 4
github.com/zxCroshka/ecommerce/services/gateway/internal/middleware/request_id.go:18.32,20.33 2 4
github.com/zxCroshka/ecommerce/services/gateway/internal/middleware/request_id.go:20.33,22.4 1 2
github.com/zxCroshka/ecommerce/services/gateway/internal/middleware/request_id.go:24.3,26.13 3 4
github.com/zxCroshka/ecommerce/services/gateway/internal/middleware/request_id.go:30.60,32.13 2 4
github.com/zxCroshka/ecommerce/services/gateway/internal/middleware/request_id.go:32.13,34.3 1 0
github.com/zxCroshka/ecommerce/services/gateway/internal/middleware/request_id.go:35.2,36.41 2 4
github.com/zxCroshka/ecommerce/services/gateway/internal/middleware/request_id.go:39.40,40.49 1 4
github.com/zxCroshka/ecommerce/services/gateway/internal/middleware/request_id.go:40.49,42.3 1 1
github.com/zxCroshka/ecommerce/services/gateway/internal/middleware/request_id.go:43.2,43.29 1 3
github.com/zxCroshka/ecommerce/services/gateway/internal/middleware/request_id.go:43.29,44.55 1 30
github.com/zxCroshka/ecommerce/services/gateway/internal/middleware/request_id.go:44.55,46.4 1 1
github.com/zxCroshka/ecommerce/services/gateway/internal/middleware/request_id.go:48.2,48.13 1 2
github.com/zxCroshka/ecommerce/services/gateway/internal/middleware/request_logging.go:12.55,13.16 1 1
github.com/zxCroshka/ecommerce/services/gateway/internal/middleware/request_logging.go:13.16,15.3 1 0
github.com/zxCroshka/ecommerce/services/gateway/internal/middleware/request_logging.go:17.2,17.32 1 1
github.com/zxCroshka/ecommerce/services/gateway/internal/middleware/request_logging.go:17.32,23.18 5 1
github.com/zxCroshka/ecommerce/services/gateway/internal/middleware/request_logging.go:23.18,25.4 1 0
github.com/zxCroshka/ecommerce/services/gateway/internal/middleware/request_logging.go:26.3,35.65 2 1
github.com/zxCroshka/ecommerce/services/gateway/internal/middleware/request_logging.go:35.65,37.4 1 1
github.com/zxCroshka/ecommerce/services/gateway/internal/middleware/request_logging.go:39.3,39.41 1 1
github.com/zxCroshka/ecommerce/services/gateway/internal/middleware/request_logging.go:40.49,41.54 1 0
github.com/zxCroshka/ecommerce/services/gateway/internal/middleware/request_logging.go:42.40,43.53 1 0
github.com/zxCroshka/ecommerce/services/gateway/internal/middleware/request_logging.go:44.11,45.53 1 1
github.com/zxCroshka/ecommerce/services/gateway/internal/logging/error.go:12.62,13.16 1 3
github.com/zxCroshka/ecommerce/services/gateway/internal/logging/error.go:13.16,15.3 1 1
github.com/zxCroshka/ecommerce/services/gateway/internal/logging/error.go:16.2,16.16 1 2
github.com/zxCroshka/ecommerce/services/gateway/internal/logging/error.go:16.16,18.3 1 0
github.com/zxCroshka/ecommerce/services/gateway/internal/logging/error.go:20.2,26.38 3 2
github.com/zxCroshka/ecommerce/services/gateway/internal/logging/error.go:26.38,31.76 2 2
github.com/zxCroshka/ecommerce/services/gateway/internal/logging/error.go:31.76,33.4 1 0
github.com/zxCroshka/ecommerce/services/gateway/internal/logging/error.go:34.3,34.65 1 2
github.com/zxCroshka/ecommerce/services/gateway/internal/logging/error.go:34.65,36.4 1 2
github.com/zxCroshka/ecommerce/services/gateway/internal/logging/error.go:39.2,39.53 1 2
github.com/zxCroshka/ecommerce/services/gateway/internal/logging/error.go:39.53,42.3 2 1
github.com/zxCroshka/ecommerce/services/gateway/internal/logging/error.go:43.2,43.45 1 1
github.com/zxCroshka/ecommerce/services/gateway/internal/handlers/product/dto.go:29.44,32.2 1 1
github.com/zxCroshka/ecommerce/services/gateway/internal/handlers/product/dto.go:56.62,69.2 1 1
github.com/zxCroshka/ecommerce/services/gateway/internal/handlers/product/product.go:35.65,36.16 1 5
github.com/zxCroshka/ecommerce/services/gateway/internal/handlers/product/product.go:36.16,38.3 1 0
github.com/zxCroshka/ecommerce/services/gateway/internal/handlers/product/product.go:39.2,39.45 1 5
github.com/zxCroshka/ecommerce/services/gateway/internal/handlers/product/product.go:42.56,47.16 4 2
github.com/zxCroshka/ecommerce/services/gateway/internal/handlers/product/product.go:47.16,50.3 2 1
github.com/zxCroshka/ecommerce/services/gateway/internal/handlers/product/product.go:52.2,53.16 2 1
github.com/zxCroshka/ecommerce/services/gateway/internal/handlers/product/product.go:53.16,57.3 3 0
github.com/zxCroshka/ecommerce/services/gateway/internal/handlers/product/product.go:58.2,58.20 1 1
github.com/zxCroshka/ecommerce/services/gateway/internal/handlers/product/product.go:58.20,63.3 4 0
github.com/zxCroshka/ecommerce/services/gateway/internal/handlers/product/product.go:65.2,68.4 1 1
github.com/zxCroshka/ecommerce/services/gateway/internal/handlers/product/product.go:71.58,76.52 4 1
github.com/zxCroshka/ecommerce/services/gateway/internal/handlers/product/product.go:76.52,80.3 3 0
github.com/zxCroshka/ecommerce/services/gateway/internal/handlers/product/product.go:81.2,81.21 1 1
github.com/zxCroshka/ecommerce/services/gateway/internal/handlers/product/product.go:81.21,83.3 1 0
github.com/zxCroshka/ecommerce/services/gateway/internal/handlers/product/product.go:84.2,84.25 1 1
github.com/zxCroshka/ecommerce/services/gateway/internal/handlers/product/product.go:84.25,86.3 1 0
github.com/zxCroshka/ecommerce/services/gateway/internal/handlers/product/product.go:88.2,96.16 2 1
github.com/zxCroshka/ecommerce/services/gateway/internal/handlers/product/product.go:96.16,100.3 3 0
github.com/zxCroshka/ecommerce/services/gateway/internal/handlers/product/product.go:101.2,101.17 1 1
github.com/zxCroshka/ecommerce/services/gateway/internal/handlers/product/product.go:101.17,106.3 4 0
github.com/zxCroshka/ecommerce/services/gateway/internal/handlers/product/product.go:108.2,109.37 2 1
github.com/zxCroshka/ecommerce/services/gateway/internal/handlers/product/product.go:109.37,111.3 1 0
github.com/zxCroshka/ecommerce/services/gateway/internal/handlers/product/product.go:112.2,113.20 2 1
github.com/zxCroshka/ecommerce/services/gateway/internal/handlers/product/product.go:113.20,115.3 1 1
github.com/zxCroshka/ecommerce/services/gateway/internal/handlers/product/product.go:117.2,128.4 1 1
github.com/zxCroshka/ecommerce/services/gateway/internal/handlers/product/product.go:131.59,136.9 4 1
github.com/zxCroshka/ecommerce/services/gateway/internal/handlers/product/product.go:136.9,139.3 2 0
github.com/zxCroshka/ecommerce/services/gateway/internal/handlers/product/product.go:141.2,142.53 2 1
github.com/zxCroshka/ecommerce/services/gateway/internal/handlers/product/product.go:142.53,146.3 3 0
github.com/zxCroshka/ecommerce/services/gateway/internal/handlers/product/product.go:148.2,157.16 2 1
github.com/zxCroshka/ecommerce/services/gateway/internal/handlers/product/product.go:157.16,161.3 3 0
github.com/zxCroshka/ecommerce/services/gateway/internal/handlers/product/product.go:163.2,168.4 1 1
github.com/zxCroshka/ecommerce/services/gateway/internal/handlers/product/product.go:171.59,176.9 4 1
github.com/zxCroshka/ecommerce/services/gateway/internal/handlers/product/product.go:176.9,179.3 2 0
github.com/zxCroshka/ecommerce/services/gateway/internal/handlers/product/product.go:180.2,181.16 2 1
github.com/zxCroshka/ecommerce/services/gateway/internal/handlers/product/product.go:181.16,184.3 2 0
github.com/zxCroshka/ecommerce/services/gateway/internal/handlers/product/product.go:186.2,187.72 2 1
github.com/zxCroshka/ecommerce/services/gateway/internal/handlers/product/product.go:187.72,188.17 1 0
github.com/zxCroshka/ecommerce/services/gateway/internal/handlers/product/product.go:188.17,190.4 1 0
github.com/zxCroshka/ecommerce/services/gateway/internal/handlers/product/product.go:191.3,192.9 2 0
github.com/zxCroshka/ecommerce/services/gateway/internal/handlers/product/product.go:195.2,204.16 2 1
github.com/zxCroshka/ecommerce/services/gateway/internal/handlers/product/product.go:204.16,208.3 3 0
github.com/zxCroshka/ecommerce/services/gateway/internal/handlers/product/product.go:210.2,213.4 1 1
github.com/zxCroshka/ecommerce/services/gateway/internal/handlers/product/product.go:216.59,221.9 4 0
github.com/zxCroshka/ecommerce/services/gateway/internal/handlers/product/product.go:221.9,224.3 2 0
github.com/zxCroshka/ecommerce/services/gateway/internal/handlers/product/product.go:225.2,226.16 2 0
github.com/zxCroshka/ecommerce/services/gateway/internal/handlers/product/product.go:226.16,229.3 2 0
github.com/zxCroshka/ecommerce/services/gateway/internal/handlers/product/product.go:231.2,231.98 1 0
github.com/zxCroshka/ecommerce/services/gateway/internal/handlers/product/product.go:231.98,235.3 3 0
github.com/zxCroshka/ecommerce/services/gateway/internal/handlers/product/product.go:236.2,236.34 1 0
github.com/zxCroshka/ecommerce/services/gateway/internal/handlers/product/product.go:239.50,241.27 2 3
github.com/zxCroshka/ecommerce/services/gateway/internal/handlers/product/product.go:241.27,243.3 1 1
github.com/zxCroshka/ecommerce/services/gateway/internal/handlers/product/product.go:244.2,244.16 1 2
github.com/zxCroshka/ecommerce/services/gateway/internal/handlers/user/user.go:28.59,29.16 1 4
github.com/zxCroshka/ecommerce/services/gateway/internal/handlers/user/user.go:29.16,31.3 1 0
github.com/zxCroshka/ecommerce/services/gateway/internal/handlers/user/user.go:32.2,32.42 1 4
github.com/zxCroshka/ecommerce/services/gateway/internal/handlers/user/user.go:35.54,40.9 4 1
github.com/zxCroshka/ecommerce/services/gateway/internal/handlers/user/user.go:40.9,43.3 2 0
github.com/zxCroshka/ecommerce/services/gateway/internal/handlers/user/user.go:45.2,46.53 2 1
github.com/zxCroshka/ecommerce/services/gateway/internal/handlers/user/user.go:46.53,50.3 3 0
github.com/zxCroshka/ecommerce/services/gateway/internal/handlers/user/user.go:52.2,56.16 1 1
github.com/zxCroshka/ecommerce/services/gateway/internal/handlers/user/user.go:56.16,60.3 3 0
github.com/zxCroshka/ecommerce/services/gateway/internal/handlers/user/user.go:62.2,65.4 1 1
github.com/zxCroshka/ecommerce/services/gateway/internal/handlers/user/user.go:68.53,73.9 4 0
github.com/zxCroshka/ecommerce/services/gateway/internal/handlers/user/user.go:73.9,76.3 2 0
github.com/zxCroshka/ecommerce/services/gateway/internal/handlers/user/user.go:78.2,79.53 2 0
github.com/zxCroshka/ecommerce/services/gateway/internal/handlers/user/user.go:79.53,83.3 3 0
github.com/zxCroshka/ecommerce/services/gateway/internal/handlers/user/user.go:85.2,89.16 1 0
github.com/zxCroshka/ecommerce/services/gateway/internal/handlers/user/user.go:89.16,93.3 3 0
github.com/zxCroshka/ecommerce/services/gateway/internal/handlers/user/user.go:95.2,98.4 1 0
github.com/zxCroshka/ecommerce/services/gateway/internal/handlers/user/user.go:101.57,106.9 4 1
github.com/zxCroshka/ecommerce/services/gateway/internal/handlers/user/user.go:106.9,109.3 2 0
github.com/zxCroshka/ecommerce/services/gateway/internal/handlers/user/user.go:111.2,112.53 2 1
github.com/zxCroshka/ecommerce/services/gateway/internal/handlers/user/user.go:112.53,116.3 3 1
github.com/zxCroshka/ecommerce/services/gateway/internal/handlers/user/user.go:118.2,123.16 1 0
github.com/zxCroshka/ecommerce/services/gateway/internal/handlers/user/user.go:123.16,127.3 3 0
github.com/zxCroshka/ecommerce/services/gateway/internal/handlers/user/user.go:129.2,132.4 1 0
github.com/zxCroshka/ecommerce/services/gateway/internal/handlers/user/user.go:135.50,140.9 4 2
github.com/zxCroshka/ecommerce/services/gateway/internal/handlers/user/user.go:140.9,143.3 2 1
github.com/zxCroshka/ecommerce/services/gateway/internal/handlers/user/user.go:145.2,146.16 2 1
github.com/zxCroshka/ecommerce/services/gateway/internal/handlers/user/user.go:146.16,150.3 3 0
github.com/zxCroshka/ecommerce/services/gateway/internal/handlers/user/user.go:151.2,151.17 1 1
github.com/zxCroshka/ecommerce/services/gateway/internal/handlers/user/user.go:151.17,156.3 4 0
github.com/zxCroshka/ecommerce/services/gateway/internal/handlers/user/user.go:158.2,166.4 1 1
github.com/zxCroshka/ecommerce/services/gateway/internal/handlers/user/user.go:169.77,171.2 1 4
github.com/zxCroshka/ecommerce/services/product-service/internal/config/config.go:37.38,39.2 1 0
github.com/zxCroshka/ecommerce/services/product-service/internal/config/config.go:50.50,59.2 1 0
github.com/zxCroshka/ecommerce/services/product-service/internal/config/config.go:74.39,76.2 1 0
github.com/zxCroshka/ecommerce/services/product-service/internal/config/config.go:97.53,118.41 18 1
github.com/zxCroshka/ecommerce/services/product-service/internal/config/config.go:118.41,120.3 1 0
github.com/zxCroshka/ecommerce/services/product-service/internal/config/config.go:122.2,123.45 2 1
github.com/zxCroshka/ecommerce/services/product-service/internal/config/config.go:123.45,125.3 1 0
github.com/zxCroshka/ecommerce/services/product-service/internal/config/config.go:127.2,127.42 1 1
github.com/zxCroshka/ecommerce/services/product-service/internal/config/config.go:127.42,129.3 1 0
github.com/zxCroshka/ecommerce/services/product-service/internal/config/config.go:131.2,131.21 1 1
github.com/zxCroshka/ecommerce/services/product-service/internal/config/config.go:134.35,135.27 1 1
github.com/zxCroshka/ecommerce/services/product-service/internal/config/config.go:135.27,137.3 1 0
github.com/zxCroshka/ecommerce/services/product-service/internal/config/config.go:138.2,138.53 1 1
github.com/zxCroshka/ecommerce/services/product-service/internal/config/config.go:138.53,140.3 1 0
github.com/zxCroshka/ecommerce/services/product-service/internal/config/config.go:141.2,141.27 1 1
github.com/zxCroshka/ecommerce/services/product-service/internal/config/config.go:141.27,143.3 1 0
github.com/zxCroshka/ecommerce/services/product-service/internal/config/config.go:144.2,144.31 1 1
github.com/zxCroshka/ecommerce/services/product-service/internal/config/config.go:144.31,146.3 1 0
github.com/zxCroshka/ecommerce/services/product-service/internal/config/config.go:148.2,148.24 1 1
github.com/zxCroshka/ecommerce/services/product-service/internal/config/config.go:148.24,150.3 1 0
github.com/zxCroshka/ecommerce/services/product-service/internal/config/config.go:151.2,151.47 1 1
github.com/zxCroshka/ecommerce/services/product-service/internal/config/config.go:151.47,153.3 1 0
github.com/zxCroshka/ecommerce/services/product-service/internal/config/config.go:155.2,155.31 1 1
github.com/zxCroshka/ecommerce/services/product-service/internal/config/config.go:155.31,157.3 1 0
github.com/zxCroshka/ecommerce/services/product-service/internal/config/config.go:158.2,158.40 1 1
github.com/zxCroshka/ecommerce/services/product-service/internal/config/config.go:158.40,160.3 1 0
github.com/zxCroshka/ecommerce/services/product-service/internal/config/config.go:162.2,162.36 1 1
github.com/zxCroshka/ecommerce/services/product-service/internal/config/config.go:162.36,164.3 1 0
github.com/zxCroshka/ecommerce/services/product-service/internal/config/config.go:165.2,165.32 1 1
github.com/zxCroshka/ecommerce/services/product-service/internal/config/config.go:165.32,167.3 1 0
github.com/zxCroshka/ecommerce/services/product-service/internal/config/config.go:168.2,168.55 1 1
github.com/zxCroshka/ecommerce/services/product-service/internal/config/config.go:168.55,171.3 1 0
github.com/zxCroshka/ecommerce/services/product-service/internal/config/config.go:173.2,173.45 1 1
github.com/zxCroshka/ecommerce/services/product-service/internal/config/config.go:173.45,175.3 1 0
github.com/zxCroshka/ecommerce/services/product-service/internal/config/config.go:176.2,176.32 1 1
github.com/zxCroshka/ecommerce/services/product-service/internal/config/config.go:176.32,178.3 1 0
github.com/zxCroshka/ecommerce/services/product-service/internal/config/config.go:179.2,179.33 1 1
github.com/zxCroshka/ecommerce/services/product-service/internal/config/config.go:179.33,181.3 1 0
github.com/zxCroshka/ecommerce/services/product-service/internal/config/config.go:183.2,183.12 1 1
github.com/zxCroshka/ecommerce/services/gateway/internal/router/router.go:33.11,51.2 5 5
github.com/zxCroshka/ecommerce/services/gateway/internal/router/router.go:53.42,55.2 1 6
github.com/zxCroshka/ecommerce/services/gateway/internal/router/router.go:57.32,58.24 1 6
github.com/zxCroshka/ecommerce/services/gateway/internal/router/router.go:58.24,59.51 1 5
github.com/zxCroshka/ecommerce/services/gateway/internal/router/router.go:59.51,61.4 1 1
github.com/zxCroshka/ecommerce/services/gateway/internal/router/router.go:63.3,67.25 5 5
github.com/zxCroshka/ecommerce/services/gateway/internal/router/router.go:71.56,81.2 5 5
github.com/zxCroshka/ecommerce/services/gateway/internal/router/router.go:83.56,90.2 6 5
github.com/zxCroshka/ecommerce/services/gateway/internal/router/router.go:92.59,105.2 8 5
github.com/zxCroshka/ecommerce/services/gateway/internal/router/router.go:107.56,114.2 6 5
github.com/zxCroshka/ecommerce/services/gateway/internal/router/router.go:116.44,118.2 1 0
github.com/zxCroshka/ecommerce/services/product-service/internal/grpc/auth_interceptor.go:37.75,39.2 1 7
github.com/zxCroshka/ecommerce/services/product-service/internal/grpc/auth_interceptor.go:41.64,44.2 2 9
github.com/zxCroshka/ecommerce/services/product-service/internal/grpc/auth_interceptor.go:46.40,49.2 2 7
github.com/zxCroshka/ecommerce/services/product-service/internal/grpc/auth_interceptor.go:56.95,61.2 1 13
github.com/zxCroshka/ecommerce/services/product-service/internal/grpc/auth_interceptor.go:63.74,69.25 1 13
github.com/zxCroshka/ecommerce/services/product-service/internal/grpc/auth_interceptor.go:69.25,70.26 1 13
github.com/zxCroshka/ecommerce/services/product-service/internal/grpc/auth_interceptor.go:72.58,73.37 1 3
github.com/zxCroshka/ecommerce/services/product-service/internal/grpc/auth_interceptor.go:73.37,75.19 2 2
github.com/zxCroshka/ecommerce/services/product-service/internal/grpc/auth_interceptor.go:75.19,77.6 1 1
github.com/zxCroshka/ecommerce/services/product-service/internal/grpc/auth_interceptor.go:78.5,78.38 1 1
github.com/zxCroshka/ecommerce/services/product-service/internal/grpc/auth_interceptor.go:80.4,80.28 1 2
github.com/zxCroshka/ecommerce/services/product-service/internal/grpc/auth_interceptor.go:83.58,84.54 1 4
github.com/zxCroshka/ecommerce/services/product-service/internal/grpc/auth_interceptor.go:84.54,86.5 1 2
github.com/zxCroshka/ecommerce/services/product-service/internal/grpc/auth_interceptor.go:87.4,87.28 1 2
github.com/zxCroshka/ecommerce/services/product-service/internal/grpc/auth_interceptor.go:91.56,93.18 2 5
github.com/zxCroshka/ecommerce/services/product-service/internal/grpc/auth_interceptor.go:93.18,95.5 1 3
github.com/zxCroshka/ecommerce/services/product-service/internal/grpc/auth_interceptor.go:96.4,96.34 1 2
github.com/zxCroshka/ecommerce/services/product-service/internal/grpc/auth_interceptor.go:96.34,98.5 1 1
github.com/zxCroshka/ecommerce/services/product-service/internal/grpc/auth_interceptor.go:99.4,99.52 1 1
github.com/zxCroshka/ecommerce/services/product-service/internal/grpc/auth_interceptor.go:101.11,102.103 1 1
github.com/zxCroshka/ecommerce/services/product-service/internal/grpc/auth_interceptor.go:107.57,110.2 2 3
github.com/zxCroshka/ecommerce/services/product-service/internal/grpc/auth_interceptor.go:112.83,114.16 2 7
github.com/zxCroshka/ecommerce/services/product-service/internal/grpc/auth_interceptor.go:114.16,116.3 1 2
github.com/zxCroshka/ecommerce/services/product-service/internal/grpc/auth_interceptor.go:117.2,117.29 1 5
github.com/zxCroshka/ecommerce/services/product-service/internal/grpc/auth_interceptor.go:117.29,119.3 1 0
github.com/zxCroshka/ecommerce/services/product-service/internal/grpc/auth_interceptor.go:121.2,124.16 2 5
github.com/zxCroshka/ecommerce/services/product-service/internal/grpc/auth_interceptor.go:124.16,125.27 1 2
github.com/zxCroshka/ecommerce/services/product-service/internal/grpc/auth_interceptor.go:126.26,127.95 1 0
github.com/zxCroshka/ecommerce/services/product-service/internal/grpc/auth_interceptor.go:128.31,129.95 1 0
github.com/zxCroshka/ecommerce/services/product-service/internal/grpc/auth_interceptor.go:130.23,131.90 1 0
github.com/zxCroshka/ecommerce/services/product-service/internal/grpc/auth_interceptor.go:132.11,133.82 1 2
github.com/zxCroshka/ecommerce/services/product-service/internal/grpc/auth_interceptor.go:136.2,136.59 1 3
github.com/zxCroshka/ecommerce/services/product-service/internal/grpc/auth_interceptor.go:136.59,138.3 1 0
github.com/zxCroshka/ecommerce/services/product-service/internal/grpc/auth_interceptor.go:140.2,143.8 1 3
github.com/zxCroshka/ecommerce/services/product-service/internal/grpc/auth_interceptor.go:146.75,148.9 2 4
github.com/zxCroshka/ecommerce/services/product-service/internal/grpc/auth_interceptor.go:148.9,150.3 1 1
github.com/zxCroshka/ecommerce/services/product-service/internal/grpc/auth_interceptor.go:152.2,153.22 2 3
github.com/zxCroshka/ecommerce/services/product-service/internal/grpc/auth_interceptor.go:153.22,155.3 1 0
github.com/zxCroshka/ecommerce/services/product-service/internal/grpc/auth_interceptor.go:157.2,158.79 1 3
github.com/zxCroshka/ecommerce/services/product-service/internal/grpc/auth_interceptor.go:158.79,160.3 1 1
github.com/zxCroshka/ecommerce/services/product-service/internal/grpc/auth_interceptor.go:162.2,162.12 1 2
github.com/zxCroshka/ecommerce/services/product-service/internal/grpc/auth_interceptor.go:165.62,167.9 2 7
github.com/zxCroshka/ecommerce/services/product-service/internal/grpc/auth_interceptor.go:167.9,169.3 1 1
github.com/zxCroshka/ecommerce/services/product-service/internal/grpc/auth_interceptor.go:171.2,172.22 2 6
github.com/zxCroshka/ecommerce/services/product-service/internal/grpc/auth_interceptor.go:172.22,174.3 1 0
github.com/zxCroshka/ecommerce/services/product-service/internal/grpc/auth_interceptor.go:176.2,177.81 2 6
github.com/zxCroshka/ecommerce/services/product-service/internal/grpc/auth_interceptor.go:177.81,179.3 1 1
github.com/zxCroshka/ecommerce/services/product-service/internal/grpc/auth_interceptor.go:181.2,181.22 1 5
github.com/zxCroshka/ecommerce/services/product-service/internal/grpc/server.go:61.3,67.2 1 0
github.com/zxCroshka/ecommerce/services/product-service/internal/grpc/server.go:72.49,73.48 1 2
github.com/zxCroshka/ecommerce/services/product-service/internal/grpc/server.go:73.48,75.3 1 1
github.com/zxCroshka/ecommerce/services/product-service/internal/grpc/server.go:77.2,78.16 2 1
github.com/zxCroshka/ecommerce/services/product-service/internal/grpc/server.go:78.16,80.3 1 0
github.com/zxCroshka/ecommerce/services/product-service/internal/grpc/server.go:81.2,81.20 1 1
github.com/zxCroshka/ecommerce/services/product-service/internal/grpc/server.go:81.20,83.3 1 0
github.com/zxCroshka/ecommerce/services/product-service/internal/grpc/server.go:85.2,85.78 1 1
github.com/zxCroshka/ecommerce/services/product-service/internal/grpc/server.go:91.51,93.60 2 2
github.com/zxCroshka/ecommerce/services/product-service/internal/grpc/server.go:93.60,95.3 1 1
github.com/zxCroshka/ecommerce/services/product-service/internal/grpc/server.go:97.2,99.16 3 1
github.com/zxCroshka/ecommerce/services/product-service/internal/grpc/server.go:99.16,101.3 1 0
github.com/zxCroshka/ecommerce/services/product-service/internal/grpc/server.go:103.2,104.35 2 1
github.com/zxCroshka/ecommerce/services/product-service/internal/grpc/server.go:104.35,105.21 1 1
github.com/zxCroshka/ecommerce/services/product-service/internal/grpc/server.go:105.21,107.4 1 0
github.com/zxCroshka/ecommerce/services/product-service/internal/grpc/server.go:108.3,108.59 1 1
github.com/zxCroshka/ecommerce/services/product-service/internal/grpc/server.go:111.2,116.8 1 1
github.com/zxCroshka/ecommerce/services/product-service/internal/grpc/server.go:122.52,123.51 1 2
github.com/zxCroshka/ecommerce/services/product-service/internal/grpc/server.go:123.51,125.3 1 1
github.com/zxCroshka/ecommerce/services/product-service/internal/grpc/server.go:127.2,128.25 2 1
github.com/zxCroshka/ecommerce/services/product-service/internal/grpc/server.go:128.25,130.3 1 0
github.com/zxCroshka/ecommerce/services/product-service/internal/grpc/server.go:132.2,143.16 2 1
github.com/zxCroshka/ecommerce/services/product-service/internal/grpc/server.go:143.16,145.3 1 0
github.com/zxCroshka/ecommerce/services/product-service/internal/grpc/server.go:147.2,147.75 1 1
github.com/zxCroshka/ecommerce/services/product-service/internal/grpc/server.go:153.58,154.57 1 2
github.com/zxCroshka/ecommerce/services/product-service/internal/grpc/server.go:154.57,156.3 1 1
github.com/zxCroshka/ecommerce/services/product-service/internal/grpc/server.go:158.2,166.28 2 1
github.com/zxCroshka/ecommerce/services/product-service/internal/grpc/server.go:166.28,169.3 2 1
github.com/zxCroshka/ecommerce/services/product-service/internal/grpc/server.go:171.2,176.16 1 1
github.com/zxCroshka/ecommerce/services/product-service/internal/grpc/server.go:176.16,178.3 1 0
github.com/zxCroshka/ecommerce/services/product-service/internal/grpc/server.go:180.2,180.61 1 1
github.com/zxCroshka/ecommerce/services/product-service/internal/grpc/server.go:186.49,187.48 1 2
github.com/zxCroshka/ecommerce/services/product-service/internal/grpc/server.go:187.48,189.3 1 1
github.com/zxCroshka/ecommerce/services/product-service/internal/grpc/server.go:191.2,191.91 1 1
github.com/zxCroshka/ecommerce/services/product-service/internal/grpc/server.go:191.91,193.3 1 0
github.com/zxCroshka/ecommerce/services/product-service/internal/grpc/server.go:195.2,195.52 1 1
github.com/zxCroshka/ecommerce/services/product-service/internal/grpc/server.go:201.51,202.50 1 2
github.com/zxCroshka/ecommerce/services/product-service/internal/grpc/server.go:202.50,204.3 1 1
github.com/zxCroshka/ecommerce/services/product-service/internal/grpc/server.go:206.2,211.16 1 1
github.com/zxCroshka/ecommerce/services/product-service/internal/grpc/server.go:211.16,213.3 1 0
github.com/zxCroshka/ecommerce/services/product-service/internal/grpc/server.go:215.2,215.54 1 1
github.com/zxCroshka/ecommerce/services/product-service/internal/grpc/server.go:221.51,222.50 1 2
github.com/zxCroshka/ecommerce/services/product-service/internal/grpc/server.go:222.50,224.3 1 1
github.com/zxCroshka/ecommerce/services/product-service/internal/grpc/server.go:226.2,230.16 1 1
github.com/zxCroshka/ecommerce/services/product-service/internal/grpc/server.go:230.16,232.3 1 0
github.com/zxCroshka/ecommerce/services/product-service/internal/grpc/server.go:234.2,234.54 1 1
github.com/zxCroshka/ecommerce/services/product-service/internal/grpc/server.go:240.38,242.16 2 1
github.com/zxCroshka/ecommerce/services/product-service/internal/grpc/server.go:242.16,244.3 1 1
github.com/zxCroshka/ecommerce/services/product-service/internal/grpc/server.go:246.2,247.23 2 1
github.com/zxCroshka/ecommerce/services/product-service/internal/grpc/server.go:248.66,249.33 1 0
github.com/zxCroshka/ecommerce/services/product-service/internal/grpc/server.go:250.65,251.32 1 0
github.com/zxCroshka/ecommerce/services/product-service/internal/grpc/server.go:252.71,253.37 1 0
github.com/zxCroshka/ecommerce/services/product-service/internal/grpc/server.go:256.2,257.24 2 1
github.com/zxCroshka/ecommerce/services/product-service/internal/grpc/server.go:258.64,259.29 1 0
github.com/zxCroshka/ecommerce/services/product-service/internal/grpc/server.go:260.65,261.30 1 0
github.com/zxCroshka/ecommerce/services/product-service/internal/grpc/server.go:264.2,273.10 1 1
github.com/zxCroshka/ecommerce/services/product-service/internal/grpc/server.go:276.55,278.23 2 2
github.com/zxCroshka/ecommerce/services/product-service/internal/grpc/server.go:278.23,280.3 1 1
github.com/zxCroshka/ecommerce/services/product-service/internal/grpc/server.go:281.2,282.19 2 2
github.com/zxCroshka/ecommerce/services/product-service/internal/grpc/server.go:282.19,284.3 1 1
github.com/zxCroshka/ecommerce/services/product-service/internal/grpc/server.go:285.2,285.31 1 2
github.com/zxCroshka/ecommerce/services/product-service/internal/grpc/server.go:288.39,289.9 1 9
github.com/zxCroshka/ecommerce/services/product-service/internal/grpc/server.go:290.58,291.69 1 1
github.com/zxCroshka/ecommerce/services/product-service/internal/grpc/server.go:292.49,293.63 1 1
github.com/zxCroshka/ecommerce/services/product-service/internal/grpc/server.go:294.55,295.59 1 1
github.com/zxCroshka/ecommerce/services/product-service/internal/grpc/server.go:296.53,297.69 1 1
github.com/zxCroshka/ecommerce/services/product-service/internal/grpc/server.go:298.57,299.70 1 1
github.com/zxCroshka/ecommerce/services/product-service/internal/grpc/server.go:300.55,301.71 1 1
github.com/zxCroshka/ecommerce/services/product-service/internal/grpc/server.go:302.59,303.63 1 1
github.com/zxCroshka/ecommerce/services/product-service/internal/grpc/server.go:304.59,305.83 1 1
github.com/zxCroshka/ecommerce/services/product-service/internal/grpc/server.go:306.10,307.63 1 1
github.com/zxCroshka/ecommerce/services/product-service/internal/grpc/validation.go:11.72,12.43 1 2
github.com/zxCroshka/ecommerce/services/product-service/internal/grpc/validation.go:12.43,14.3 1 1
github.com/zxCroshka/ecommerce/services/product-service/internal/grpc/validation.go:15.2,15.12 1 1
github.com/zxCroshka/ecommerce/services/product-service/internal/grpc/validation.go:18.92,19.16 1 2
github.com/zxCroshka/ecommerce/services/product-service/internal/grpc/validation.go:19.16,21.3 1 0
github.com/zxCroshka/ecommerce/services/product-service/internal/grpc/validation.go:22.2,22.53 1 2
github.com/zxCroshka/ecommerce/services/product-service/internal/grpc/validation.go:22.53,24.3 1 1
github.com/zxCroshka/ecommerce/services/product-service/internal/grpc/validation.go:25.2,25.25 1 1
github.com/zxCroshka/ecommerce/services/product-service/internal/grpc/validation.go:25.25,27.3 1 0
github.com/zxCroshka/ecommerce/services/product-service/internal/grpc/validation.go:28.2,28.71 1 1
github.com/zxCroshka/ecommerce/services/product-service/internal/grpc/validation.go:28.71,30.3 1 0
github.com/zxCroshka/ecommerce/services/product-service/internal/grpc/validation.go:31.2,31.23 1 1
github.com/zxCroshka/ecommerce/services/product-service/internal/grpc/validation.go:35.67,35.67 0 1
github.com/zxCroshka/ecommerce/services/product-service/internal/grpc/validation.go:36.10,37.67 1 0
github.com/zxCroshka/ecommerce/services/product-service/internal/grpc/validation.go:39.2,39.24 1 1
github.com/zxCroshka/ecommerce/services/product-service/internal/grpc/validation.go:42.61,42.61 0 1
github.com/zxCroshka/ecommerce/services/product-service/internal/grpc/validation.go:43.10,44.67 1 0
github.com/zxCroshka/ecommerce/services/product-service/internal/grpc/validation.go:46.2,46.12 1 1
github.com/zxCroshka/ecommerce/services/product-service/internal/grpc/validation.go:49.78,50.16 1 2
github.com/zxCroshka/ecommerce/services/product-service/internal/grpc/validation.go:50.16,52.3 1 1
github.com/zxCroshka/ecommerce/services/product-service/internal/grpc/validation.go:53.2,53.12 1 1
github.com/zxCroshka/ecommerce/services/product-service/internal/grpc/validation.go:56.90,57.43 1 2
github.com/zxCroshka/ecommerce/services/product-service/internal/grpc/validation.go:57.43,59.3 1 0
github.com/zxCroshka/ecommerce/services/product-service/internal/grpc/validation.go:60.2,66.23 1 2
github.com/zxCroshka/ecommerce/services/product-service/internal/grpc/validation.go:66.23,68.3 1 1
github.com/zxCroshka/ecommerce/services/product-service/internal/grpc/validation.go:69.2,69.12 1 1
github.com/zxCroshka/ecommerce/services/product-service/internal/grpc/validation.go:72.72,73.43 1 2
github.com/zxCroshka/ecommerce/services/product-service/internal/grpc/validation.go:73.43,75.3 1 1
github.com/zxCroshka/ecommerce/services/product-service/internal/grpc/validation.go:76.2,76.12 1 1
github.com/zxCroshka/ecommerce/services/product-service/internal/grpc/validation.go:79.76,80.16 1 2
github.com/zxCroshka/ecommerce/services/product-service/internal/grpc/validation.go:80.16,82.3 1 1
github.com/zxCroshka/ecommerce/services/product-service/internal/grpc/validation.go:83.2,83.53 1 1
github.com/zxCroshka/ecommerce/services/product-service/internal/grpc/validation.go:83.53,85.3 1 0
github.com/zxCroshka/ecommerce/services/product-service/internal/grpc/validation.go:86.2,86.29 1 1
github.com/zxCroshka/ecommerce/services/product-service/internal/grpc/validation.go:86.29,88.3 1 0
github.com/zxCroshka/ecommerce/services/product-service/internal/grpc/validation.go:89.2,89.28 1 1
github.com/zxCroshka/ecommerce/services/product-service/internal/grpc/validation.go:89.28,91.3 1 0
github.com/zxCroshka/ecommerce/services/product-service/internal/grpc/validation.go:92.2,92.12 1 1
github.com/zxCroshka/ecommerce/services/product-service/internal/grpc/validation.go:95.76,96.16 1 2
github.com/zxCroshka/ecommerce/services/product-service/internal/grpc/validation.go:96.16,98.3 1 1
github.com/zxCroshka/ecommerce/services/product-service/internal/grpc/validation.go:99.2,99.29 1 1
github.com/zxCroshka/ecommerce/services/product-service/internal/grpc/validation.go:99.29,101.3 1 0
github.com/zxCroshka/ecommerce/services/product-service/internal/grpc/validation.go:102.2,102.53 1 1
github.com/zxCroshka/ecommerce/services/product-service/internal/grpc/validation.go:102.53,104.3 1 0
github.com/zxCroshka/ecommerce/services/product-service/internal/grpc/validation.go:105.2,105.12 1 1
github.com/zxCroshka/ecommerce/services/product-service/internal/service/service.go:66.121,73.2 1 47
github.com/zxCroshka/ecommerce/services/product-service/internal/service/service.go:83.18,87.14 3 8
github.com/zxCroshka/ecommerce/services/product-service/internal/service/service.go:87.14,90.3 2 1
github.com/zxCroshka/ecommerce/services/product-service/internal/service/service.go:92.2,92.52 1 7
github.com/zxCroshka/ecommerce/services/product-service/internal/service/service.go:92.52,95.3 2 1
github.com/zxCroshka/ecommerce/services/product-service/internal/service/service.go:96.2,96.47 1 6
github.com/zxCroshka/ecommerce/services/product-service/internal/service/service.go:96.47,99.3 2 1
github.com/zxCroshka/ecommerce/services/product-service/internal/service/service.go:100.2,100.47 1 5
github.com/zxCroshka/ecommerce/services/product-service/internal/service/service.go:100.47,103.3 2 1
github.com/zxCroshka/ecommerce/services/product-service/internal/service/service.go:104.2,104.53 1 4
github.com/zxCroshka/ecommerce/services/product-service/internal/service/service.go:104.53,107.3 2 1
github.com/zxCroshka/ecommerce/services/product-service/internal/service/service.go:108.2,108.49 1 3
github.com/zxCroshka/ecommerce/services/product-service/internal/service/service.go:108.49,111.3 2 1
github.com/zxCroshka/ecommerce/services/product-service/internal/service/service.go:113.2,114.16 2 2
github.com/zxCroshka/ecommerce/services/product-service/internal/service/service.go:114.16,115.52 1 1
github.com/zxCroshka/ecommerce/services/product-service/internal/service/service.go:115.52,118.4 2 0
github.com/zxCroshka/ecommerce/services/product-service/internal/service/service.go:119.3,120.42 2 1
github.com/zxCroshka/ecommerce/services/product-service/internal/service/service.go:123.2,123.12 1 1
github.com/zxCroshka/ecommerce/services/product-service/internal/service/service.go:123.12,124.88 1 1
github.com/zxCroshka/ecommerce/services/product-service/internal/service/service.go:124.88,126.4 1 0
github.com/zxCroshka/ecommerce/services/product-service/internal/service/service.go:129.2,130.23 2 1
github.com/zxCroshka/ecommerce/services/product-service/internal/service/service.go:138.9,142.14 3 10
github.com/zxCroshka/ecommerce/services/product-service/internal/service/service.go:142.14,145.3 2 1
github.com/zxCroshka/ecommerce/services/product-service/internal/service/service.go:147.2,147.19 1 9
github.com/zxCroshka/ecommerce/services/product-service/internal/service/service.go:147.19,149.3 1 1
github.com/zxCroshka/ecommerce/services/product-service/internal/service/service.go:151.2,152.16 2 8
github.com/zxCroshka/ecommerce/services/product-service/internal/service/service.go:152.16,153.54 1 1
github.com/zxCroshka/ecommerce/services/product-service/internal/service/service.go:153.54,156.4 2 1
github.com/zxCroshka/ecommerce/services/product-service/internal/service/service.go:157.3,158.39 2 0
github.com/zxCroshka/ecommerce/services/product-service/internal/service/service.go:161.2,161.23 1 7
github.com/zxCroshka/ecommerce/services/product-service/internal/service/service.go:161.23,162.60 1 1
github.com/zxCroshka/ecommerce/services/product-service/internal/service/service.go:162.60,165.4 2 1
github.com/zxCroshka/ecommerce/services/product-service/internal/service/service.go:167.2,167.24 1 6
github.com/zxCroshka/ecommerce/services/product-service/internal/service/service.go:167.24,168.55 1 2
github.com/zxCroshka/ecommerce/services/product-service/internal/service/service.go:168.55,171.4 2 1
github.com/zxCroshka/ecommerce/services/product-service/internal/service/service.go:173.2,173.24 1 5
github.com/zxCroshka/ecommerce/services/product-service/internal/service/service.go:173.24,174.55 1 2
github.com/zxCroshka/ecommerce/services/product-service/internal/service/service.go:174.55,177.4 2 1
github.com/zxCroshka/ecommerce/services/product-service/internal/service/service.go:179.2,179.27 1 4
github.com/zxCroshka/ecommerce/services/product-service/internal/service/service.go:179.27,180.61 1 1
github.com/zxCroshka/ecommerce/services/product-service/internal/service/service.go:180.61,183.4 2 1
github.com/zxCroshka/ecommerce/services/product-service/internal/service/service.go:185.2,185.21 1 3
github.com/zxCroshka/ecommerce/services/product-service/internal/service/service.go:185.21,186.56 1 1
github.com/zxCroshka/ecommerce/services/product-service/internal/service/service.go:186.56,189.4 2 1
github.com/zxCroshka/ecommerce/services/product-service/internal/service/service.go:192.2,192.84 1 2
github.com/zxCroshka/ecommerce/services/product-service/internal/service/service.go:192.84,195.3 2 1
github.com/zxCroshka/ecommerce/services/product-service/internal/service/service.go:197.2,198.24 2 1
github.com/zxCroshka/ecommerce/services/product-service/internal/service/service.go:198.24,201.3 2 1
github.com/zxCroshka/ecommerce/services/product-service/internal/service/service.go:202.2,202.24 1 1
github.com/zxCroshka/ecommerce/services/product-service/internal/service/service.go:202.24,205.3 2 1
github.com/zxCroshka/ecommerce/services/product-service/internal/service/service.go:206.2,206.27 1 1
github.com/zxCroshka/ecommerce/services/product-service/internal/service/service.go:206.27,208.3 1 1
github.com/zxCroshka/ecommerce/services/product-service/internal/service/service.go:210.2,210.12 1 1
github.com/zxCroshka/ecommerce/services/product-service/internal/service/service.go:210.12,211.88 1 1
github.com/zxCroshka/ecommerce/services/product-service/internal/service/service.go:211.88,213.4 1 0
github.com/zxCroshka/ecommerce/services/product-service/internal/service/service.go:216.2,216.22 1 1
github.com/zxCroshka/ecommerce/services/product-service/internal/service/service.go:216.22,217.13 1 1
github.com/zxCroshka/ecommerce/services/product-service/internal/service/service.go:217.13,218.79 1 1
github.com/zxCroshka/ecommerce/services/product-service/internal/service/service.go:218.79,220.5 1 0
github.com/zxCroshka/ecommerce/services/product-service/internal/service/service.go:224.2,225.12 2 1
github.com/zxCroshka/ecommerce/services/product-service/internal/service/service.go:228.139,232.14 3 3
github.com/zxCroshka/ecommerce/services/product-service/internal/service/service.go:232.14,235.3 2 1
github.com/zxCroshka/ecommerce/services/product-service/internal/service/service.go:237.2,240.16 3 3
github.com/zxCroshka/ecommerce/services/product-service/internal/service/service.go:240.16,243.3 2 1
github.com/zxCroshka/ecommerce/services/product-service/internal/service/service.go:245.2,248.16 3 2
github.com/zxCroshka/ecommerce/services/product-service/internal/service/service.go:248.16,251.3 2 1
github.com/zxCroshka/ecommerce/services/product-service/internal/service/service.go:253.2,253.12 1 1
github.com/zxCroshka/ecommerce/services/product-service/internal/service/service.go:253.12,254.110 1 1
github.com/zxCroshka/ecommerce/services/product-service/internal/service/service.go:254.110,256.4 1 0
github.com/zxCroshka/ecommerce/services/product-service/internal/service/service.go:259.2,259.29 1 1
github.com/zxCroshka/ecommerce/services/product-service/internal/service/service.go:262.114,267.16 4 7
github.com/zxCroshka/ecommerce/services/product-service/internal/service/service.go:267.16,268.42 1 3
github.com/zxCroshka/ecommerce/services/product-service/internal/service/service.go:268.42,271.4 2 1
github.com/zxCroshka/ecommerce/services/product-service/internal/service/service.go:272.3,273.28 2 2
github.com/zxCroshka/ecommerce/services/product-service/internal/service/service.go:276.2,279.16 3 4
github.com/zxCroshka/ecommerce/services/product-service/internal/service/service.go:279.16,280.54 1 2
github.com/zxCroshka/ecommerce/services/product-service/internal/service/service.go:280.54,283.4 2 1
github.com/zxCroshka/ecommerce/services/product-service/internal/service/service.go:284.3,285.44 2 1
github.com/zxCroshka/ecommerce/services/product-service/internal/service/service.go:288.2,288.35 1 2
github.com/zxCroshka/ecommerce/services/product-service/internal/service/service.go:288.35,291.3 2 1
github.com/zxCroshka/ecommerce/services/product-service/internal/service/service.go:293.2,293.12 1 1
github.com/zxCroshka/ecommerce/services/product-service/internal/service/service.go:293.12,294.98 1 1
github.com/zxCroshka/ecommerce/services/product-service/internal/service/service.go:294.98,296.4 1 0
github.com/zxCroshka/ecommerce/services/product-service/internal/service/service.go:299.2,299.21 1 1
github.com/zxCroshka/ecommerce/services/product-service/internal/service/service.go:302.95,306.14 3 5
github.com/zxCroshka/ecommerce/services/product-service/internal/service/service.go:306.14,309.3 2 1
github.com/zxCroshka/ecommerce/services/product-service/internal/service/service.go:311.2,312.16 2 4
github.com/zxCroshka/ecommerce/services/product-service/internal/service/service.go:312.16,313.54 1 1
github.com/zxCroshka/ecommerce/services/product-service/internal/service/service.go:313.54,316.4 2 1
github.com/zxCroshka/ecommerce/services/product-service/internal/service/service.go:317.3,318.39 2 0
github.com/zxCroshka/ecommerce/services/product-service/internal/service/service.go:321.2,321.23 1 3
github.com/zxCroshka/ecommerce/services/product-service/internal/service/service.go:321.23,324.3 2 1
github.com/zxCroshka/ecommerce/services/product-service/internal/service/service.go:326.2,326.68 1 2
github.com/zxCroshka/ecommerce/services/product-service/internal/service/service.go:326.68,329.3 2 1
github.com/zxCroshka/ecommerce/services/product-service/internal/service/service.go:331.2,331.12 1 1
github.com/zxCroshka/ecommerce/services/product-service/internal/service/service.go:331.12,332.88 1 1
github.com/zxCroshka/ecommerce/services/product-service/internal/service/service.go:332.88,334.4 1 0
github.com/zxCroshka/ecommerce/services/product-service/internal/service/service.go:337.2,337.12 1 1
github.com/zxCroshka/ecommerce/services/product-service/internal/service/service.go:337.12,342.78 2 1
github.com/zxCroshka/ecommerce/services/product-service/internal/service/service.go:342.78,344.4 1 0
github.com/zxCroshka/ecommerce/services/product-service/internal/service/service.go:347.2,348.12 2 1
github.com/zxCroshka/ecommerce/services/product-service/internal/service/service.go:351.121,355.53 3 8
github.com/zxCroshka/ecommerce/services/product-service/internal/service/service.go:355.53,358.3 2 1
github.com/zxCroshka/ecommerce/services/product-service/internal/service/service.go:360.2,361.16 2 7
github.com/zxCroshka/ecommerce/services/product-service/internal/service/service.go:361.16,362.56 1 5
github.com/zxCroshka/ecommerce/services/product-service/internal/service/service.go:362.56,365.4 2 1
github.com/zxCroshka/ecommerce/services/product-service/internal/service/service.go:366.3,366.54 1 4
github.com/zxCroshka/ecommerce/services/product-service/internal/service/service.go:366.54,368.4 1 1
github.com/zxCroshka/ecommerce/services/product-service/internal/service/service.go:369.3,369.54 1 3
github.com/zxCroshka/ecommerce/services/product-service/internal/service/service.go:369.54,372.4 2 1
github.com/zxCroshka/ecommerce/services/product-service/internal/service/service.go:373.3,374.39 2 2
github.com/zxCroshka/ecommerce/services/product-service/internal/service/service.go:376.2,376.14 1 2
github.com/zxCroshka/ecommerce/services/product-service/internal/service/service.go:376.14,378.3 1 1
github.com/zxCroshka/ecommerce/services/product-service/internal/service/service.go:380.2,380.12 1 1
github.com/zxCroshka/ecommerce/services/product-service/internal/service/service.go:380.12,381.88 1 1
github.com/zxCroshka/ecommerce/services/product-service/internal/service/service.go:381.88,383.4 1 0
github.com/zxCroshka/ecommerce/services/product-service/internal/service/service.go:386.2,386.12 1 1
github.com/zxCroshka/ecommerce/services/product-service/internal/service/service.go:386.12,392.78 2 1
github.com/zxCroshka/ecommerce/services/product-service/internal/service/service.go:392.78,394.4 1 0
github.com/zxCroshka/ecommerce/services/product-service/internal/service/service.go:397.2,398.12 2 1
github.com/zxCroshka/ecommerce/services/product-service/internal/service/service.go:401.105,406.16 4 6
github.com/zxCroshka/ecommerce/services/product-service/internal/service/service.go:406.16,407.54 1 4
github.com/zxCroshka/ecommerce/services/product-service/internal/service/service.go:407.54,410.4 2 1
github.com/zxCroshka/ecommerce/services/product-service/internal/service/service.go:411.3,412.39 2 3
github.com/zxCroshka/ecommerce/services/product-service/internal/service/service.go:415.2,415.14 1 2
github.com/zxCroshka/ecommerce/services/product-service/internal/service/service.go:415.14,417.3 1 1
github.com/zxCroshka/ecommerce/services/product-service/internal/service/service.go:418.2,418.12 1 1
github.com/zxCroshka/ecommerce/services/product-service/internal/service/service.go:418.12,419.88 1 1
github.com/zxCroshka/ecommerce/services/product-service/internal/service/service.go:419.88,421.4 1 0
github.com/zxCroshka/ecommerce/services/product-service/internal/service/service.go:424.2,424.12 1 1
github.com/zxCroshka/ecommerce/services/product-service/internal/service/service.go:424.12,429.78 2 1
github.com/zxCroshka/ecommerce/services/product-service/internal/service/service.go:429.78,431.4 1 0
github.com/zxCroshka/ecommerce/services/product-service/internal/service/service.go:433.2,434.12 2 1
github.com/zxCroshka/ecommerce/services/product-service/internal/service/validation.go:10.40,12.2 1 11
github.com/zxCroshka/ecommerce/services/product-service/internal/service/validation.go:14.65,16.16 2 8
github.com/zxCroshka/ecommerce/services/product-service/internal/service/validation.go:16.16,18.3 1 1
github.com/zxCroshka/ecommerce/services/product-service/internal/service/validation.go:19.2,19.19 1 7
github.com/zxCroshka/ecommerce/services/product-service/internal/service/validation.go:19.19,21.3 1 1
github.com/zxCroshka/ecommerce/services/product-service/internal/service/validation.go:22.2,22.21 1 6
github.com/zxCroshka/ecommerce/services/product-service/internal/service/validation.go:22.21,24.3 1 0
github.com/zxCroshka/ecommerce/services/product-service/internal/service/validation.go:25.2,25.12 1 6
github.com/zxCroshka/ecommerce/services/product-service/internal/service/validation.go:28.59,29.15 1 8
github.com/zxCroshka/ecommerce/services/product-service/internal/service/validation.go:29.15,31.3 1 2
github.com/zxCroshka/ecommerce/services/product-service/internal/service/validation.go:32.2,32.12 1 6
github.com/zxCroshka/ecommerce/services/product-service/internal/service/validation.go:35.59,36.15 1 7
github.com/zxCroshka/ecommerce/services/product-service/internal/service/validation.go:36.15,38.3 1 2
github.com/zxCroshka/ecommerce/services/product-service/internal/service/validation.go:39.2,39.12 1 5
github.com/zxCroshka/ecommerce/services/product-service/internal/service/validation.go:42.66,44.20 2 5
github.com/zxCroshka/ecommerce/services/product-service/internal/service/validation.go:44.20,46.3 1 1
github.com/zxCroshka/ecommerce/services/product-service/internal/service/validation.go:47.2,47.23 1 4
github.com/zxCroshka/ecommerce/services/product-service/internal/service/validation.go:47.23,49.3 1 1
github.com/zxCroshka/ecommerce/services/product-service/internal/service/validation.go:50.2,50.25 1 3
github.com/zxCroshka/ecommerce/services/product-service/internal/service/validation.go:50.25,52.3 1 0
github.com/zxCroshka/ecommerce/services/product-service/internal/service/validation.go:53.2,53.12 1 3
github.com/zxCroshka/ecommerce/services/product-service/internal/service/validation.go:56.64,57.22 1 4
github.com/zxCroshka/ecommerce/services/product-service/internal/service/validation.go:57.22,59.3 1 0
github.com/zxCroshka/ecommerce/services/product-service/internal/service/validation.go:60.2,60.29 1 4
github.com/zxCroshka/ecommerce/services/product-service/internal/service/validation.go:60.29,61.16 1 2
github.com/zxCroshka/ecommerce/services/product-service/internal/service/validation.go:61.16,63.4 1 1
github.com/zxCroshka/ecommerce/services/product-service/internal/service/validation.go:64.3,64.80 1 1
github.com/zxCroshka/ecommerce/services/product-service/internal/service/validation.go:64.80,66.4 1 1
github.com/zxCroshka/ecommerce/services/product-service/internal/service/validation.go:68.2,68.12 1 2
github.com/zxCroshka/ecommerce/services/product-service/internal/service/validation.go:71.65,72.19 1 8
github.com/zxCroshka/ecommerce/services/product-service/internal/service/validation.go:72.19,74.3 1 1
github.com/zxCroshka/ecommerce/services/product-service/internal/service/validation.go:75.2,75.12 1 7
github.com/zxCroshka/ecommerce/services/user-service/internal/config/config.go:34.38,36.2 1 0
github.com/zxCroshka/ecommerce/services/user-service/internal/config/config.go:47.50,56.2 1 0
github.com/zxCroshka/ecommerce/services/user-service/internal/config/config.go:65.39,67.2 1 0
github.com/zxCroshka/ecommerce/services/user-service/internal/config/config.go:97.53,116.41 17 1
github.com/zxCroshka/ecommerce/services/user-service/internal/config/config.go:116.41,118.3 1 0
github.com/zxCroshka/ecommerce/services/user-service/internal/config/config.go:120.2,121.45 2 1
github.com/zxCroshka/ecommerce/services/user-service/internal/config/config.go:121.45,123.3 1 0
github.com/zxCroshka/ecommerce/services/user-service/internal/config/config.go:125.2,125.42 1 1
github.com/zxCroshka/ecommerce/services/user-service/internal/config/config.go:125.42,127.3 1 0
github.com/zxCroshka/ecommerce/services/user-service/internal/config/config.go:129.2,129.21 1 1
github.com/zxCroshka/ecommerce/services/user-service/internal/config/config.go:132.35,133.26 1 1
github.com/zxCroshka/ecommerce/services/user-service/internal/config/config.go:133.26,135.3 1 0
github.com/zxCroshka/ecommerce/services/user-service/internal/config/config.go:136.2,136.27 1 1
github.com/zxCroshka/ecommerce/services/user-service/internal/config/config.go:136.27,138.3 1 0
github.com/zxCroshka/ecommerce/services/user-service/internal/config/config.go:139.2,139.40 1 1
github.com/zxCroshka/ecommerce/services/user-service/internal/config/config.go:139.40,142.3 1 0
github.com/zxCroshka/ecommerce/services/user-service/internal/config/config.go:143.2,143.69 1 1
github.com/zxCroshka/ecommerce/services/user-service/internal/config/config.go:143.69,145.3 1 0
github.com/zxCroshka/ecommerce/services/user-service/internal/config/config.go:148.2,148.31 1 1
github.com/zxCroshka/ecommerce/services/user-service/internal/config/config.go:148.31,150.3 1 0
github.com/zxCroshka/ecommerce/services/user-service/internal/config/config.go:152.2,152.45 1 1
github.com/zxCroshka/ecommerce/services/user-service/internal/config/config.go:152.45,154.3 1 0
github.com/zxCroshka/ecommerce/services/user-service/internal/config/config.go:155.2,155.62 1 1
github.com/zxCroshka/ecommerce/services/user-service/internal/config/config.go:155.62,157.3 1 0
github.com/zxCroshka/ecommerce/services/user-service/internal/config/config.go:158.2,159.69 2 1
github.com/zxCroshka/ecommerce/services/user-service/internal/config/config.go:159.69,161.3 1 0
github.com/zxCroshka/ecommerce/services/user-service/internal/config/config.go:163.2,163.12 1 1
github.com/zxCroshka/ecommerce/services/user-service/internal/grpc/auth_interceptor.go:26.71,30.2 1 24
github.com/zxCroshka/ecommerce/services/user-service/internal/grpc/auth_interceptor.go:32.74,38.17 1 24
github.com/zxCroshka/ecommerce/services/user-service/internal/grpc/auth_interceptor.go:38.17,39.26 1 24
github.com/zxCroshka/ecommerce/services/user-service/internal/grpc/auth_interceptor.go:43.52,44.28 1 4
github.com/zxCroshka/ecommerce/services/user-service/internal/grpc/auth_interceptor.go:49.46,51.18 2 19
github.com/zxCroshka/ecommerce/services/user-service/internal/grpc/auth_interceptor.go:51.18,53.5 1 14
github.com/zxCroshka/ecommerce/services/user-service/internal/grpc/auth_interceptor.go:54.4,54.57 1 5
github.com/zxCroshka/ecommerce/services/user-service/internal/grpc/auth_interceptor.go:56.11,57.103 1 1
github.com/zxCroshka/ecommerce/services/user-service/internal/grpc/auth_interceptor.go:65.28,66.29 1 19
github.com/zxCroshka/ecommerce/services/user-service/internal/grpc/auth_interceptor.go:66.29,71.3 1 1
github.com/zxCroshka/ecommerce/services/user-service/internal/grpc/auth_interceptor.go:73.2,74.9 2 18
github.com/zxCroshka/ecommerce/services/user-service/internal/grpc/auth_interceptor.go:74.9,79.3 1 1
github.com/zxCroshka/ecommerce/services/user-service/internal/grpc/auth_interceptor.go:81.2,82.22 2 17
github.com/zxCroshka/ecommerce/services/user-service/internal/grpc/auth_interceptor.go:82.22,87.3 1 2
github.com/zxCroshka/ecommerce/services/user-service/internal/grpc/auth_interceptor.go:89.2,92.18 2 15
github.com/zxCroshka/ecommerce/services/user-service/internal/grpc/auth_interceptor.go:92.18,97.3 1 3
github.com/zxCroshka/ecommerce/services/user-service/internal/grpc/auth_interceptor.go:99.2,100.16 2 12
github.com/zxCroshka/ecommerce/services/user-service/internal/grpc/auth_interceptor.go:100.16,102.53 1 4
github.com/zxCroshka/ecommerce/services/user-service/internal/grpc/auth_interceptor.go:102.53,107.4 1 3
github.com/zxCroshka/ecommerce/services/user-service/internal/grpc/auth_interceptor.go:109.3,112.4 1 1
github.com/zxCroshka/ecommerce/services/user-service/internal/grpc/auth_interceptor.go:115.2,117.31 1 8
github.com/zxCroshka/ecommerce/services/user-service/internal/grpc/auth_interceptor.go:117.31,122.3 1 3
github.com/zxCroshka/ecommerce/services/user-service/internal/grpc/auth_interceptor.go:124.2,124.22 1 5
github.com/zxCroshka/ecommerce/services/user-service/internal/grpc/server.go:40.69,42.2 1 0
github.com/zxCroshka/ecommerce/services/user-service/internal/grpc/server.go:47.49,48.51 1 2
github.com/zxCroshka/ecommerce/services/user-service/internal/grpc/server.go:48.51,50.3 1 0
github.com/zxCroshka/ecommerce/services/user-service/internal/grpc/server.go:52.2,53.16 2 2
github.com/zxCroshka/ecommerce/services/user-service/internal/grpc/server.go:53.16,54.10 1 1
github.com/zxCroshka/ecommerce/services/user-service/internal/grpc/server.go:55.53,56.68 1 0
github.com/zxCroshka/ecommerce/services/user-service/internal/grpc/server.go:57.57,58.75 1 1
github.com/zxCroshka/ecommerce/services/user-service/internal/grpc/server.go:59.11,60.69 1 0
github.com/zxCroshka/ecommerce/services/user-service/internal/grpc/server.go:64.2,67.8 1 1
github.com/zxCroshka/ecommerce/services/user-service/internal/grpc/server.go:73.44,74.46 1 1
github.com/zxCroshka/ecommerce/services/user-service/internal/grpc/server.go:74.46,76.3 1 0
github.com/zxCroshka/ecommerce/services/user-service/internal/grpc/server.go:78.2,79.16 2 1
github.com/zxCroshka/ecommerce/services/user-service/internal/grpc/server.go:79.16,81.3 1 1
github.com/zxCroshka/ecommerce/services/user-service/internal/grpc/server.go:82.2,82.92 1 1
github.com/zxCroshka/ecommerce/services/user-service/internal/grpc/server.go:82.92,83.53 1 0
github.com/zxCroshka/ecommerce/services/user-service/internal/grpc/server.go:83.53,85.4 1 0
github.com/zxCroshka/ecommerce/services/user-service/internal/grpc/server.go:86.3,86.68 1 0
github.com/zxCroshka/ecommerce/services/user-service/internal/grpc/server.go:88.2,88.47 1 1
github.com/zxCroshka/ecommerce/services/user-service/internal/grpc/server.go:94.45,95.43 1 1
github.com/zxCroshka/ecommerce/services/user-service/internal/grpc/server.go:95.43,97.3 1 0
github.com/zxCroshka/ecommerce/services/user-service/internal/grpc/server.go:99.2,100.16 2 1
github.com/zxCroshka/ecommerce/services/user-service/internal/grpc/server.go:100.16,101.57 1 0
github.com/zxCroshka/ecommerce/services/user-service/internal/grpc/server.go:101.57,103.4 1 0
github.com/zxCroshka/ecommerce/services/user-service/internal/grpc/server.go:104.3,104.68 1 0
github.com/zxCroshka/ecommerce/services/user-service/internal/grpc/server.go:106.2,106.42 1 1
github.com/zxCroshka/ecommerce/services/user-service/internal/grpc/server.go:112.45,113.51 1 1
github.com/zxCroshka/ecommerce/services/user-service/internal/grpc/server.go:113.51,115.3 1 0
github.com/zxCroshka/ecommerce/services/user-service/internal/grpc/server.go:117.2,118.16 2 1
github.com/zxCroshka/ecommerce/services/user-service/internal/grpc/server.go:118.16,120.49 1 0
github.com/zxCroshka/ecommerce/services/user-service/internal/grpc/server.go:120.49,122.4 1 0
github.com/zxCroshka/ecommerce/services/user-service/internal/grpc/server.go:123.3,123.68 1 0
github.com/zxCroshka/ecommerce/services/user-service/internal/grpc/server.go:125.2,125.42 1 1
github.com/zxCroshka/ecommerce/services/user-service/internal/grpc/server.go:131.42,132.44 1 1
github.com/zxCroshka/ecommerce/services/user-service/internal/grpc/server.go:132.44,134.3 1 0
github.com/zxCroshka/ecommerce/services/user-service/internal/grpc/server.go:135.2,136.16 2 1
github.com/zxCroshka/ecommerce/services/user-service/internal/grpc/server.go:136.16,138.3 1 0
github.com/zxCroshka/ecommerce/services/user-service/internal/grpc/server.go:140.2,140.82 1 1
github.com/zxCroshka/ecommerce/services/user-service/internal/grpc/server.go:140.82,141.51 1 0
github.com/zxCroshka/ecommerce/services/user-service/internal/grpc/server.go:141.51,143.4 1 0
github.com/zxCroshka/ecommerce/services/user-service/internal/grpc/server.go:144.3,144.68 1 0
github.com/zxCroshka/ecommerce/services/user-service/internal/grpc/server.go:146.2,146.45 1 1
github.com/zxCroshka/ecommerce/services/user-service/internal/grpc/server.go:152.43,154.16 2 2
github.com/zxCroshka/ecommerce/services/user-service/internal/grpc/server.go:154.16,156.3 1 1
github.com/zxCroshka/ecommerce/services/user-service/internal/grpc/server.go:158.2,159.16 2 1
github.com/zxCroshka/ecommerce/services/user-service/internal/grpc/server.go:159.16,160.51 1 0
github.com/zxCroshka/ecommerce/services/user-service/internal/grpc/server.go:160.51,162.4 1 0
github.com/zxCroshka/ecommerce/services/user-service/internal/grpc/server.go:163.3,163.68 1 0
github.com/zxCroshka/ecommerce/services/user-service/internal/grpc/server.go:165.2,170.8 1 1
github.com/zxCroshka/ecommerce/services/user-service/internal/grpc/server.go:176.47,177.49 1 1
github.com/zxCroshka/ecommerce/services/user-service/internal/grpc/server.go:177.49,179.3 1 0
github.com/zxCroshka/ecommerce/services/user-service/internal/grpc/server.go:180.2,181.16 2 1
github.com/zxCroshka/ecommerce/services/user-service/internal/grpc/server.go:181.16,183.3 1 0
github.com/zxCroshka/ecommerce/services/user-service/internal/grpc/server.go:185.2,185.90 1 1
github.com/zxCroshka/ecommerce/services/user-service/internal/grpc/server.go:185.90,186.53 1 0
github.com/zxCroshka/ecommerce/services/user-service/internal/grpc/server.go:186.53,188.4 1 0
github.com/zxCroshka/ecommerce/services/user-service/internal/grpc/server.go:189.3,189.68 1 0
github.com/zxCroshka/ecommerce/services/user-service/internal/grpc/server.go:191.2,191.50 1 1
github.com/zxCroshka/ecommerce/services/user-service/internal/grpc/server.go:197.46,198.48 1 1
github.com/zxCroshka/ecommerce/services/user-service/internal/grpc/server.go:198.48,200.3 1 0
github.com/zxCroshka/ecommerce/services/user-service/internal/grpc/server.go:201.2,202.16 2 1
github.com/zxCroshka/ecommerce/services/user-service/internal/grpc/server.go:202.16,204.3 1 0
github.com/zxCroshka/ecommerce/services/user-service/internal/grpc/server.go:206.2,206.88 1 1
github.com/zxCroshka/ecommerce/services/user-service/internal/grpc/server.go:206.88,208.3 1 0
github.com/zxCroshka/ecommerce/services/user-service/internal/grpc/server.go:209.2,209.49 1 1
github.com/zxCroshka/ecommerce/services/user-service/internal/grpc/server.go:215.50,216.52 1 1
github.com/zxCroshka/ecommerce/services/user-service/internal/grpc/server.go:216.52,218.3 1 0
github.com/zxCroshka/ecommerce/services/user-service/internal/grpc/server.go:219.2,220.16 2 1
github.com/zxCroshka/ecommerce/services/user-service/internal/grpc/server.go:220.16,222.3 1 0
github.com/zxCroshka/ecommerce/services/user-service/internal/grpc/server.go:224.2,230.16 2 1
github.com/zxCroshka/ecommerce/services/user-service/internal/grpc/server.go:230.16,231.10 1 0
github.com/zxCroshka/ecommerce/services/user-service/internal/grpc/server.go:232.59,233.75 1 0
github.com/zxCroshka/ecommerce/services/user-service/internal/grpc/server.go:234.53,235.97 1 0
github.com/zxCroshka/ecommerce/services/user-service/internal/grpc/server.go:236.53,237.62 1 0
github.com/zxCroshka/ecommerce/services/user-service/internal/grpc/server.go:238.11,239.69 1 0
github.com/zxCroshka/ecommerce/services/user-service/internal/grpc/server.go:242.2,242.53 1 1
github.com/zxCroshka/ecommerce/services/user-service/internal/grpc/server.go:245.74,247.33 2 6
github.com/zxCroshka/ecommerce/services/user-service/internal/grpc/server.go:247.33,249.3 1 1
github.com/zxCroshka/ecommerce/services/user-service/internal/grpc/server.go:250.2,250.22 1 5
github.com/zxCroshka/ecommerce/services/user-service/internal/grpc/server.go:253.78,260.2 1 2
github.com/zxCroshka/ecommerce/services/user-service/internal/grpc/validation.go:12.75,13.59 1 3
github.com/zxCroshka/ecommerce/services/user-service/internal/grpc/validation.go:13.59,15.3 1 1
github.com/zxCroshka/ecommerce/services/user-service/internal/grpc/validation.go:16.2,16.12 1 2
github.com/zxCroshka/ecommerce/services/user-service/internal/grpc/validation.go:19.65,20.16 1 2
github.com/zxCroshka/ecommerce/services/user-service/internal/grpc/validation.go:20.16,22.3 1 0
github.com/zxCroshka/ecommerce/services/user-service/internal/grpc/validation.go:23.2,23.33 1 2
github.com/zxCroshka/ecommerce/services/user-service/internal/grpc/validation.go:23.33,25.3 1 1
github.com/zxCroshka/ecommerce/services/user-service/internal/grpc/validation.go:26.2,26.32 1 1
github.com/zxCroshka/ecommerce/services/user-service/internal/grpc/validation.go:26.32,28.3 1 0
github.com/zxCroshka/ecommerce/services/user-service/internal/grpc/validation.go:29.2,29.12 1 1
github.com/zxCroshka/ecommerce/services/user-service/internal/grpc/validation.go:32.59,33.16 1 2
github.com/zxCroshka/ecommerce/services/user-service/internal/grpc/validation.go:33.16,35.3 1 0
github.com/zxCroshka/ecommerce/services/user-service/internal/grpc/validation.go:36.2,36.33 1 2
github.com/zxCroshka/ecommerce/services/user-service/internal/grpc/validation.go:36.33,38.3 1 1
github.com/zxCroshka/ecommerce/services/user-service/internal/grpc/validation.go:39.2,39.29 1 1
github.com/zxCroshka/ecommerce/services/user-service/internal/grpc/validation.go:39.29,41.3 1 0
github.com/zxCroshka/ecommerce/services/user-service/internal/grpc/validation.go:42.2,42.12 1 1
github.com/zxCroshka/ecommerce/services/user-service/internal/grpc/validation.go:45.75,46.66 1 2
github.com/zxCroshka/ecommerce/services/user-service/internal/grpc/validation.go:46.66,48.3 1 1
github.com/zxCroshka/ecommerce/services/user-service/internal/grpc/validation.go:49.2,49.12 1 1
github.com/zxCroshka/ecommerce/services/user-service/internal/grpc/validation.go:52.61,53.66 1 2
github.com/zxCroshka/ecommerce/services/user-service/internal/grpc/validation.go:53.66,55.3 1 1
github.com/zxCroshka/ecommerce/services/user-service/internal/grpc/validation.go:56.2,56.12 1 1
github.com/zxCroshka/ecommerce/services/user-service/internal/grpc/validation.go:59.71,60.50 1 2
github.com/zxCroshka/ecommerce/services/user-service/internal/grpc/validation.go:60.50,62.3 1 1
github.com/zxCroshka/ecommerce/services/user-service/internal/grpc/validation.go:63.2,63.12 1 1
github.com/zxCroshka/ecommerce/services/user-service/internal/grpc/validation.go:66.69,67.16 1 2
github.com/zxCroshka/ecommerce/services/user-service/internal/grpc/validation.go:67.16,69.3 1 1
github.com/zxCroshka/ecommerce/services/user-service/internal/grpc/validation.go:70.2,71.38 2 1
github.com/zxCroshka/ecommerce/services/user-service/internal/grpc/validation.go:71.38,73.3 1 0
github.com/zxCroshka/ecommerce/services/user-service/internal/grpc/validation.go:74.2,74.12 1 1
github.com/zxCroshka/ecommerce/services/user-service/internal/grpc/validation.go:77.77,78.16 1 2
github.com/zxCroshka/ecommerce/services/user-service/internal/grpc/validation.go:78.16,80.3 1 1
github.com/zxCroshka/ecommerce/services/user-service/internal/grpc/validation.go:81.2,81.32 1 1
github.com/zxCroshka/ecommerce/services/user-service/internal/grpc/validation.go:81.32,83.3 1 0
github.com/zxCroshka/ecommerce/services/user-service/internal/grpc/validation.go:84.2,84.35 1 1
github.com/zxCroshka/ecommerce/services/user-service/internal/grpc/validation.go:84.35,86.3 1 0
github.com/zxCroshka/ecommerce/services/user-service/internal/grpc/validation.go:87.2,87.50 1 1
github.com/zxCroshka/ecommerce/services/user-service/internal/grpc/validation.go:87.50,89.3 1 0
github.com/zxCroshka/ecommerce/services/user-service/internal/grpc/validation.go:90.2,90.12 1 1
github.com/zxCroshka/ecommerce/services/user-service/internal/grpc/validation.go:93.36,97.2 3 5
github.com/zxCroshka/ecommerce/services/user-service/internal/kafka/producer.go:43.55,48.16 3 2
github.com/zxCroshka/ecommerce/services/user-service/internal/kafka/producer.go:48.16,50.3 1 0
github.com/zxCroshka/ecommerce/services/user-service/internal/kafka/producer.go:51.2,51.36 1 2
github.com/zxCroshka/ecommerce/services/user-service/internal/kafka/producer.go:54.68,70.16 3 0
github.com/zxCroshka/ecommerce/services/user-service/internal/kafka/producer.go:70.16,72.3 1 0
github.com/zxCroshka/ecommerce/services/user-service/internal/kafka/producer.go:74.2,85.64 3 0
github.com/zxCroshka/ecommerce/services/user-service/internal/kafka/producer.go:85.64,87.3 1 0
github.com/zxCroshka/ecommerce/services/user-service/internal/kafka/producer.go:89.2,90.24 2 0
github.com/zxCroshka/ecommerce/services/user-service/internal/kafka/producer.go:91.22,92.13 1 0
github.com/zxCroshka/ecommerce/services/user-service/internal/kafka/producer.go:93.19,94.12 1 0
github.com/zxCroshka/ecommerce/services/user-service/internal/kafka/producer.go:95.10,96.24 1 0
github.com/zxCroshka/ecommerce/services/user-service/internal/kafka/producer.go:100.28,103.2 2 2
github.com/zxCroshka/ecommerce/services/user-service/internal/repository/redis/storage.go:23.45,34.47 4 0
github.com/zxCroshka/ecommerce/services/user-service/internal/repository/redis/storage.go:34.47,36.3 1 0
github.com/zxCroshka/ecommerce/services/user-service/internal/repository/redis/storage.go:38.2,38.37 1 0
github.com/zxCroshka/ecommerce/services/user-service/internal/repository/redis/storage.go:41.32,43.2 1 0
github.com/zxCroshka/ecommerce/services/user-service/internal/repository/redis/storage.go:61.111,69.16 5 5
github.com/zxCroshka/ecommerce/services/user-service/internal/repository/redis/storage.go:69.16,71.3 1 0
github.com/zxCroshka/ecommerce/services/user-service/internal/repository/redis/storage.go:73.2,73.64 1 5
github.com/zxCroshka/ecommerce/services/user-service/internal/repository/redis/storage.go:73.64,75.3 1 0
github.com/zxCroshka/ecommerce/services/user-service/internal/repository/redis/storage.go:76.2,76.12 1 5
github.com/zxCroshka/ecommerce/services/user-service/internal/repository/redis/storage.go:79.104,84.16 4 6
github.com/zxCroshka/ecommerce/services/user-service/internal/repository/redis/storage.go:84.16,86.3 1 0
github.com/zxCroshka/ecommerce/services/user-service/internal/repository/redis/storage.go:87.2,87.25 1 6
github.com/zxCroshka/ecommerce/services/user-service/internal/repository/redis/storage.go:91.94,95.53 3 2
github.com/zxCroshka/ecommerce/services/user-service/internal/repository/redis/storage.go:95.53,97.3 1 0
github.com/zxCroshka/ecommerce/services/user-service/internal/repository/redis/storage.go:98.2,98.12 1 2
github.com/zxCroshka/ecommerce/services/user-service/internal/repository/redis/storage.go:101.143,110.16 6 3
github.com/zxCroshka/ecommerce/services/user-service/internal/repository/redis/storage.go:110.16,112.3 1 0
github.com/zxCroshka/ecommerce/services/user-service/internal/repository/redis/storage.go:113.2,114.16 2 3
github.com/zxCroshka/ecommerce/services/user-service/internal/repository/redis/storage.go:114.16,116.3 1 0
github.com/zxCroshka/ecommerce/services/user-service/internal/repository/redis/storage.go:117.2,117.22 1 3
github.com/zxCroshka/ecommerce/services/user-service/internal/repository/redis/storage.go:120.95,124.16 3 4
github.com/zxCroshka/ecommerce/services/user-service/internal/repository/redis/storage.go:124.16,126.3 1 0
github.com/zxCroshka/ecommerce/services/user-service/internal/repository/redis/storage.go:128.2,128.12 1 4
github.com/zxCroshka/ecommerce/services/user-service/internal/repository/redis/storage.go:131.83,135.16 3 2
github.com/zxCroshka/ecommerce/services/user-service/internal/repository/redis/storage.go:135.16,137.3 1 0
github.com/zxCroshka/ecommerce/services/user-service/internal/repository/redis/storage.go:139.2,139.25 1 2
github.com/zxCroshka/ecommerce/services/user-service/internal/lib/jwt/jwt.go:38.87,44.2 1 15
github.com/zxCroshka/ecommerce/services/user-service/internal/lib/jwt/jwt.go:46.114,62.16 5 24
github.com/zxCroshka/ecommerce/services/user-service/internal/lib/jwt/jwt.go:62.16,64.3 1 0
github.com/zxCroshka/ecommerce/services/user-service/internal/lib/jwt/jwt.go:66.2,81.16 5 24
github.com/zxCroshka/ecommerce/services/user-service/internal/lib/jwt/jwt.go:81.16,83.3 1 0
github.com/zxCroshka/ecommerce/services/user-service/internal/lib/jwt/jwt.go:85.2,88.24 1 24
github.com/zxCroshka/ecommerce/services/user-service/internal/lib/jwt/jwt.go:91.78,95.47 1 24
github.com/zxCroshka/ecommerce/services/user-service/internal/lib/jwt/jwt.go:95.47,97.4 1 19
github.com/zxCroshka/ecommerce/services/user-service/internal/lib/jwt/jwt.go:101.2,101.16 1 24
github.com/zxCroshka/ecommerce/services/user-service/internal/lib/jwt/jwt.go:101.16,103.3 1 10
github.com/zxCroshka/ecommerce/services/user-service/internal/lib/jwt/jwt.go:105.2,106.25 2 14
github.com/zxCroshka/ecommerce/services/user-service/internal/lib/jwt/jwt.go:106.25,108.3 1 0
github.com/zxCroshka/ecommerce/services/user-service/internal/lib/jwt/jwt.go:110.2,110.20 1 14
github.com/zxCroshka/ecommerce/services/user-service/internal/lib/jwt/jwt.go:113.52,115.2 1 1
github.com/zxCroshka/ecommerce/services/user-service/internal/lib/jwt/jwt.go:117.78,119.2 1 2
github.com/zxCroshka/ecommerce/services/user-service/internal/lib/jwt/jwt.go:121.79,123.2 1 2
github.com/zxCroshka/ecommerce/services/user-service/internal/lib/jwt/jwt.go:128.25,130.16 2 4
github.com/zxCroshka/ecommerce/services/user-service/internal/lib/jwt/jwt.go:130.16,132.3 1 0
github.com/zxCroshka/ecommerce/services/user-service/internal/lib/jwt/jwt.go:134.2,134.38 1 4
github.com/zxCroshka/ecommerce/services/user-service/internal/lib/jwt/jwt.go:134.38,140.3 1 2
github.com/zxCroshka/ecommerce/services/user-service/internal/lib/jwt/jwt.go:142.2,142.20 1 2
github.com/zxCroshka/ecommerce/services/user-service/internal/service/service.go:37.143,45.2 1 29
github.com/zxCroshka/ecommerce/services/user-service/internal/service/service.go:84.46,85.23 1 8
github.com/zxCroshka/ecommerce/services/user-service/internal/service/service.go:85.23,87.3 1 0
github.com/zxCroshka/ecommerce/services/user-service/internal/service/service.go:88.2,88.12 1 8
github.com/zxCroshka/ecommerce/services/user-service/internal/service/service.go:91.103,96.51 5 3
github.com/zxCroshka/ecommerce/services/user-service/internal/service/service.go:96.51,98.3 1 0
github.com/zxCroshka/ecommerce/services/user-service/internal/service/service.go:99.2,101.16 3 3
github.com/zxCroshka/ecommerce/services/user-service/internal/service/service.go:101.16,102.53 1 1
github.com/zxCroshka/ecommerce/services/user-service/internal/service/service.go:102.53,105.4 2 1
github.com/zxCroshka/ecommerce/services/user-service/internal/service/service.go:106.3,106.39 1 0
github.com/zxCroshka/ecommerce/services/user-service/internal/service/service.go:109.2,109.12 1 2
github.com/zxCroshka/ecommerce/services/user-service/internal/service/service.go:109.12,110.65 1 2
github.com/zxCroshka/ecommerce/services/user-service/internal/service/service.go:110.65,112.4 1 0
github.com/zxCroshka/ecommerce/services/user-service/internal/service/service.go:114.2,114.12 1 2
github.com/zxCroshka/ecommerce/services/user-service/internal/service/service.go:117.105,123.16 5 3
github.com/zxCroshka/ecommerce/services/user-service/internal/service/service.go:123.16,126.3 2 1
github.com/zxCroshka/ecommerce/services/user-service/internal/service/service.go:128.2,128.52 1 2
github.com/zxCroshka/ecommerce/services/user-service/internal/service/service.go:128.52,131.3 2 1
github.com/zxCroshka/ecommerce/services/user-service/internal/service/service.go:133.2,134.16 2 1
github.com/zxCroshka/ecommerce/services/user-service/internal/service/service.go:134.16,136.3 1 0
github.com/zxCroshka/ecommerce/services/user-service/internal/service/service.go:138.2,138.114 1 1
github.com/zxCroshka/ecommerce/services/user-service/internal/service/service.go:138.114,140.3 1 0
github.com/zxCroshka/ecommerce/services/user-service/internal/service/service.go:141.2,141.23 1 1
github.com/zxCroshka/ecommerce/services/user-service/internal/service/service.go:144.103,149.16 4 4
github.com/zxCroshka/ecommerce/services/user-service/internal/service/service.go:149.16,152.3 2 1
github.com/zxCroshka/ecommerce/services/user-service/internal/service/service.go:153.2,154.16 2 3
github.com/zxCroshka/ecommerce/services/user-service/internal/service/service.go:154.16,156.3 1 0
github.com/zxCroshka/ecommerce/services/user-service/internal/service/service.go:157.2,158.16 2 3
github.com/zxCroshka/ecommerce/services/user-service/internal/service/service.go:158.16,160.3 1 0
github.com/zxCroshka/ecommerce/services/user-service/internal/service/service.go:161.2,161.14 1 3
github.com/zxCroshka/ecommerce/services/user-service/internal/service/service.go:161.14,163.3 1 2
github.com/zxCroshka/ecommerce/services/user-service/internal/service/service.go:164.2,164.26 1 1
github.com/zxCroshka/ecommerce/services/user-service/internal/service/service.go:167.104,169.83 2 3
github.com/zxCroshka/ecommerce/services/user-service/internal/service/service.go:169.83,171.3 1 1
github.com/zxCroshka/ecommerce/services/user-service/internal/service/service.go:173.2,174.16 2 2
github.com/zxCroshka/ecommerce/services/user-service/internal/service/service.go:174.16,176.3 1 0
github.com/zxCroshka/ecommerce/services/user-service/internal/service/service.go:178.2,178.45 1 2
github.com/zxCroshka/ecommerce/services/user-service/internal/service/service.go:178.45,180.3 1 1
github.com/zxCroshka/ecommerce/services/user-service/internal/service/service.go:182.2,182.101 1 1
github.com/zxCroshka/ecommerce/services/user-service/internal/service/service.go:182.101,184.3 1 0
github.com/zxCroshka/ecommerce/services/user-service/internal/service/service.go:186.2,187.23 2 1
github.com/zxCroshka/ecommerce/services/user-service/internal/service/service.go:187.23,189.3 1 0
github.com/zxCroshka/ecommerce/services/user-service/internal/service/service.go:190.2,190.89 1 1
github.com/zxCroshka/ecommerce/services/user-service/internal/service/service.go:190.89,192.3 1 0
github.com/zxCroshka/ecommerce/services/user-service/internal/service/service.go:193.2,193.12 1 1
github.com/zxCroshka/ecommerce/services/user-service/internal/service/service.go:196.97,201.16 4 3
github.com/zxCroshka/ecommerce/services/user-service/internal/service/service.go:201.16,204.3 2 1
github.com/zxCroshka/ecommerce/services/user-service/internal/service/service.go:205.2,205.29 1 2
github.com/zxCroshka/ecommerce/services/user-service/internal/service/service.go:205.29,207.3 1 0
github.com/zxCroshka/ecommerce/services/user-service/internal/service/service.go:209.2,210.16 2 2
github.com/zxCroshka/ecommerce/services/user-service/internal/service/service.go:210.16,212.3 1 0
github.com/zxCroshka/ecommerce/services/user-service/internal/service/service.go:213.2,213.12 1 2
github.com/zxCroshka/ecommerce/services/user-service/internal/service/service.go:213.12,216.3 2 1
github.com/zxCroshka/ecommerce/services/user-service/internal/service/service.go:218.2,223.8 1 1
github.com/zxCroshka/ecommerce/services/user-service/internal/service/service.go:226.87,231.16 4 2
github.com/zxCroshka/ecommerce/services/user-service/internal/service/service.go:231.16,232.51 1 1
github.com/zxCroshka/ecommerce/services/user-service/internal/service/service.go:232.51,235.4 2 1
github.com/zxCroshka/ecommerce/services/user-service/internal/service/service.go:236.3,237.54 2 0
github.com/zxCroshka/ecommerce/services/user-service/internal/service/service.go:239.2,239.18 1 1
github.com/zxCroshka/ecommerce/services/user-service/internal/service/service.go:243.93,248.17 4 4
github.com/zxCroshka/ecommerce/services/user-service/internal/service/service.go:248.17,250.3 1 1
github.com/zxCroshka/ecommerce/services/user-service/internal/service/service.go:252.2,253.65 2 3
github.com/zxCroshka/ecommerce/services/user-service/internal/service/service.go:253.65,256.3 2 0
github.com/zxCroshka/ecommerce/services/user-service/internal/service/service.go:258.2,258.55 1 3
github.com/zxCroshka/ecommerce/services/user-service/internal/service/service.go:258.55,260.3 1 1
github.com/zxCroshka/ecommerce/services/user-service/internal/service/service.go:262.2,262.31 1 2
github.com/zxCroshka/ecommerce/services/user-service/internal/service/service.go:262.31,265.3 2 1
github.com/zxCroshka/ecommerce/services/user-service/internal/service/service.go:267.2,267.72 1 1
github.com/zxCroshka/ecommerce/services/user-service/internal/service/service.go:267.72,270.3 2 0
github.com/zxCroshka/ecommerce/services/user-service/internal/service/service.go:272.2,273.12 2 1
github.com/zxCroshka/ecommerce/services/user-service/internal/service/service.go:276.91,280.17 3 2
github.com/zxCroshka/ecommerce/services/user-service/internal/service/service.go:280.17,282.3 1 1
github.com/zxCroshka/ecommerce/services/user-service/internal/service/service.go:283.2,283.89 1 1
github.com/zxCroshka/ecommerce/services/user-service/internal/service/service.go:283.89,286.3 2 0
github.com/zxCroshka/ecommerce/services/user-service/internal/service/service.go:287.2,287.12 1 1
github.com/zxCroshka/ecommerce/services/user-service/internal/service/service.go:290.119,293.54 3 5
github.com/zxCroshka/ecommerce/services/user-service/internal/service/service.go:293.54,295.3 1 0
github.com/zxCroshka/ecommerce/services/user-service/internal/service/service.go:296.2,296.32 1 5
github.com/zxCroshka/ecommerce/services/user-service/internal/service/service.go:296.32,298.3 1 1
github.com/zxCroshka/ecommerce/services/user-service/internal/service/service.go:300.2,300.17 1 4
github.com/zxCroshka/ecommerce/services/user-service/internal/service/service.go:300.17,302.3 1 1
github.com/zxCroshka/ecommerce/services/user-service/internal/service/service.go:303.2,304.16 2 3
github.com/zxCroshka/ecommerce/services/user-service/internal/service/service.go:304.16,305.51 1 1
github.com/zxCroshka/ecommerce/services/user-service/internal/service/service.go:305.51,308.4 2 1
github.com/zxCroshka/ecommerce/services/user-service/internal/service/service.go:309.3,310.39 2 0
github.com/zxCroshka/ecommerce/services/user-service/internal/service/service.go:313.2,313.55 1 2
github.com/zxCroshka/ecommerce/services/user-service/internal/service/service.go:313.55,316.3 2 1
github.com/zxCroshka/ecommerce/services/user-service/internal/service/service.go:318.2,319.79 2 1
github.com/zxCroshka/ecommerce/services/user-service/internal/service/service.go:319.79,321.3 1 0
github.com/zxCroshka/ecommerce/services/user-service/internal/service/service.go:322.2,323.12 2 1
github.com/zxCroshka/ecommerce/services/user-service/internal/repository/storage.go:23.77,28.2 1 2
github.com/zxCroshka/ecommerce/services/user-service/internal/repository/storage.go:30.68,32.16 2 0
github.com/zxCroshka/ecommerce/services/user-service/internal/repository/storage.go:32.16,36.3 2 0
github.com/zxCroshka/ecommerce/services/user-service/internal/repository/storage.go:37.2,43.16 3 0
github.com/zxCroshka/ecommerce/services/user-service/internal/repository/storage.go:43.16,46.3 2 0
github.com/zxCroshka/ecommerce/services/user-service/internal/repository/storage.go:47.2,47.39 1 0
github.com/zxCroshka/ecommerce/services/user-service/internal/repository/storage.go:47.39,50.3 2 0
github.com/zxCroshka/ecommerce/services/user-service/internal/repository/storage.go:51.2,55.8 2 0
github.com/zxCroshka/ecommerce/services/user-service/internal/repository/storage.go:64.18,66.59 2 7
github.com/zxCroshka/ecommerce/services/user-service/internal/repository/storage.go:66.59,70.17 4 7
github.com/zxCroshka/ecommerce/services/user-service/internal/repository/storage.go:70.17,72.4 1 2
github.com/zxCroshka/ecommerce/services/user-service/internal/repository/storage.go:73.3,74.13 2 5
github.com/zxCroshka/ecommerce/services/user-service/internal/repository/storage.go:76.2,76.16 1 7
github.com/zxCroshka/ecommerce/services/user-service/internal/repository/storage.go:76.16,77.53 1 2
github.com/zxCroshka/ecommerce/services/user-service/internal/repository/storage.go:77.53,79.4 1 2
github.com/zxCroshka/ecommerce/services/user-service/internal/repository/storage.go:79.9,81.4 1 0
github.com/zxCroshka/ecommerce/services/user-service/internal/repository/storage.go:82.3,82.16 1 2
github.com/zxCroshka/ecommerce/services/user-service/internal/repository/storage.go:84.2,85.20 2 5
github.com/zxCroshka/ecommerce/services/user-service/internal/repository/storage.go:88.80,90.2 1 8
github.com/zxCroshka/ecommerce/services/user-service/internal/repository/storage.go:92.84,94.2 1 0
github.com/zxCroshka/ecommerce/services/user-service/internal/repository/storage.go:96.80,98.2 1 1
github.com/zxCroshka/ecommerce/services/user-service/internal/repository/storage.go:100.87,102.2 1 1
github.com/zxCroshka/ecommerce/services/user-service/internal/repository/storage.go:104.89,106.2 1 1
github.com/zxCroshka/ecommerce/services/user-service/internal/repository/storage.go:108.95,110.2 1 1
github.com/zxCroshka/ecommerce/services/user-service/internal/repository/users/storage.go:21.31,23.2 1 6
github.com/zxCroshka/ecommerce/services/user-service/internal/repository/users/storage.go:25.46,27.2 1 0
github.com/zxCroshka/ecommerce/services/user-service/internal/repository/users/storage.go:29.147,36.16 5 10
github.com/zxCroshka/ecommerce/services/user-service/internal/repository/users/storage.go:36.16,38.29 2 1
github.com/zxCroshka/ecommerce/services/user-service/internal/repository/users/storage.go:38.29,39.29 1 1
github.com/zxCroshka/ecommerce/services/user-service/internal/repository/users/storage.go:39.29,41.5 1 1
github.com/zxCroshka/ecommerce/services/user-service/internal/repository/users/storage.go:43.3,43.42 1 0
github.com/zxCroshka/ecommerce/services/user-service/internal/repository/users/storage.go:45.2,45.20 1 9
github.com/zxCroshka/ecommerce/services/user-service/internal/repository/users/storage.go:48.80,54.16 6 13
github.com/zxCroshka/ecommerce/services/user-service/internal/repository/users/storage.go:54.16,55.36 1 2
github.com/zxCroshka/ecommerce/services/user-service/internal/repository/users/storage.go:55.36,57.4 1 2
github.com/zxCroshka/ecommerce/services/user-service/internal/repository/users/storage.go:58.3,58.54 1 0
github.com/zxCroshka/ecommerce/services/user-service/internal/repository/users/storage.go:60.2,60.18 1 11
github.com/zxCroshka/ecommerce/services/user-service/internal/repository/users/storage.go:62.84,68.16 6 0
github.com/zxCroshka/ecommerce/services/user-service/internal/repository/users/storage.go:68.16,69.36 1 0
github.com/zxCroshka/ecommerce/services/user-service/internal/repository/users/storage.go:69.36,71.4 1 0
github.com/zxCroshka/ecommerce/services/user-service/internal/repository/users/storage.go:72.3,72.54 1 0
github.com/zxCroshka/ecommerce/services/user-service/internal/repository/users/storage.go:74.2,74.18 1 0
github.com/zxCroshka/ecommerce/services/user-service/internal/repository/users/storage.go:76.80,81.40 5 2
github.com/zxCroshka/ecommerce/services/user-service/internal/repository/users/storage.go:81.40,82.36 1 0
github.com/zxCroshka/ecommerce/services/user-service/internal/repository/users/storage.go:82.36,84.4 1 0
github.com/zxCroshka/ecommerce/services/user-service/internal/repository/users/storage.go:85.3,85.43 1 0
github.com/zxCroshka/ecommerce/services/user-service/internal/repository/users/storage.go:87.2,87.18 1 2
github.com/zxCroshka/ecommerce/services/user-service/internal/repository/users/storage.go:90.87,93.65 3 1
github.com/zxCroshka/ecommerce/services/user-service/internal/repository/users/storage.go:93.65,95.3 1 0
github.com/zxCroshka/ecommerce/services/user-service/internal/repository/users/storage.go:96.2,96.12 1 1
github.com/zxCroshka/ecommerce/services/user-service/internal/repository/users/storage.go:99.89,102.66 3 1
github.com/zxCroshka/ecommerce/services/user-service/internal/repository/users/storage.go:102.66,104.29 2 0
github.com/zxCroshka/ecommerce/services/user-service/internal/repository/users/storage.go:104.29,105.29 1 0
github.com/zxCroshka/ecommerce/services/user-service/internal/repository/users/storage.go:105.29,107.5 1 0
github.com/zxCroshka/ecommerce/services/user-service/internal/repository/users/storage.go:109.3,109.39 1 0
github.com/zxCroshka/ecommerce/services/user-service/internal/repository/users/storage.go:111.2,111.12 1 1
github.com/zxCroshka/ecommerce/services/user-service/internal/repository/users/storage.go:114.95,117.69 3 1
github.com/zxCroshka/ecommerce/services/user-service/internal/repository/users/storage.go:117.69,119.3 1 0
github.com/zxCroshka/ecommerce/services/user-service/internal/repository/users/storage.go:120.2,120.12 1 1
